,ID_USNO,RA_USNO,DEC_USNO,PM?,ID_U-PS,RA_U-PS,DEC_U-PS,d_U-PS,ID_PS-U,RA_PS-U,DEC_PS-U,d_PS-U,1-1_Match,Default_Match,Closest Match,PS_Match?
0,0868-00001709,2.8446528888888887,-3.162244888888889,1,PSO J002.8450-03.1619,2.8450077,-3.16186647,1.866136446110747,,,,,0,1,0,1
1,0933-00003340,3.471031,3.389028,0,PSO J003.4712+03.3889,3.47121035,3.38886984,0.8600052974463567,0933-0003340,3.471031,3.389028,0.860005,0,0,0,0
2,1075-00003793,3.895387,17.590239,0,PSO J003.8948+17.5905,3.89475485,17.59053852,2.42253196346208,1075-0003793,3.895387,17.590239,2.422532,0,0,1,1
3,1172-00010485,9.355856,27.209589,0,PSO J009.3554+27.2097,9.35540047,27.20972713,1.5408786744678025,1172-0010485,9.355856,27.209589,1.540879,0,0,1,1
4,1025-00008291,10.661473,12.513245,0,PSO J010.6607+12.5132,10.66071088,12.51321091,2.681269860127568,1025-0008291,10.661473,12.513245,2.68127,0,0,1,1
5,0843-00008333,12.819094555555555,-5.676056111111111,1,PSO J012.8195-05.6757,12.81954588,-5.67565018,2.179357563312793,,,,,0,1,0,1
6,0883-00050634,43.257887,-1.669906,0,PSO J043.2579-01.6699,43.2579154,-1.66988811,0.1207974176035927,0883-0050634,43.257887,-1.669906,0.120797,0,0,0,0
7,0954-00034151,52.895373,5.412787,0,PSO J052.8948+05.4129,52.89479371,5.41285031,2.0886174351070914,0954-0034151,52.895373,5.412787,2.088617,0,0,0,0
8,1146-00153142,120.460128,24.6009,0,PSO J120.4599+24.6008,120.45992144,24.60075151,0.861913161070695,1146-0153142,120.460128,24.6009,0.861913,0,0,0,0
9,1483-00206752,125.43119455555556,58.30877266666667,1,PSO J125.4311+58.3090,125.43107958,58.30898142,0.7823377649401408,,,,,0,1,0,1
10,1277-00202616,125.56641155555556,37.76629811111111,1,PSO J125.5658+37.7665,125.56580709,37.76652299,1.9011962384714087,1277-0202616,125.568706,37.768087,9.988016,0,0,1,1
11,1514-00168713,127.436362,61.493006,0,PSO J127.4376+61.4929,127.43763444,61.49290514,2.2162027548011145,1514-0168713,127.436362,61.493006,2.216203,0,0,1,1
12,1479-00240866,131.02600555555557,57.955180666666664,1,PSO J131.0247+57.9552,131.02465654,57.95522181,2.5810024784236725,1479-0240867,131.020381,57.955759,8.392477,0,0,1,1
13,1529-00221027,132.82205,62.976712,0,PSO J132.8228+62.9773,132.82283403,62.97728054,2.4153083414774668,1529-0221027,132.82205,62.976712,2.415308,0,0,0,0
14,1278-00223059,144.088334,37.828853,0,PSO J144.0878+37.8283,144.08779159,37.82830012,2.5179981321478557,1278-0223059,144.088334,37.828853,2.517998,0,0,0,0
15,1126-00203513,144.86945,22.661587,0,PSO J144.8687+22.6616,144.86870866,22.66160731,2.4638666567958936,1126-0203513,144.86945,22.661587,2.463867,0,0,1,1
16,1047-00187558,152.4868028888889,14.754122222222223,1,PSO J152.4866+14.7539,152.48658336,14.7539322,1.0256888378048457,,,,,0,1,0,1
17,1156-00172014,153.86302,25.662203,0,PSO J153.8629+25.6620,153.86294844,25.66198431,0.820813981544039,1156-0172014,153.86302,25.662203,0.820814,0,0,1,1
18,1112-00190409,154.747192,21.236992,0,PSO J154.7472+21.2368,154.74719094,21.23679222,0.7192167952016504,1112-0190409,154.747192,21.236992,0.719217,0,0,1,1
19,1052-00197620,162.898862,15.227423,0,PSO J162.8989+15.2272,162.89890039,15.22721469,0.7616801967845287,1052-0197620,162.898862,15.227423,0.76168,0,0,0,0
20,0982-00235303,168.69735066666667,8.294953666666666,1,PSO J168.6968+08.2956,168.6967992405432,8.295565489787709,2.951273419390297,,,,,0,1,0,1
21,1002-00196922,172.824937,10.223714,0,PSO J172.8255+10.2235,172.8255489,10.22351794,2.2798711900732576,1002-0196922,172.824937,10.223714,2.279871,0,0,0,0
22,0925-00270619,173.0604646666667,2.572336111111111,1,PSO J173.0605+02.5721,173.06048828,2.57210694,0.8293751899660665,,,,,0,1,0,1
23,1061-00195926,177.382078,16.121484,0,PSO J177.3818+16.1218,177.3818008,16.12175299,1.3626404461251769,1061-0195926,177.382078,16.121484,1.36264,0,0,0,0
24,1570-00148491,179.092006,67.076764,0,PSO J179.0912+67.0762,179.09119229,67.07624754,2.1814419011211097,1570-0148491,179.092006,67.076764,2.181442,0,0,1,1
25,1512-00195103,187.406573,61.299989,0,PSO J187.4060+61.2998,187.40599064,61.29975666,1.308905140866693,1512-0195103,187.406573,61.299989,1.308905,0,0,0,0
26,1107-00208153,187.620025,20.716934,0,PSO J187.6205+20.7169,187.62053676,20.71692006,1.723940331750971,1107-0208153,187.620025,20.716934,1.72394,0,0,0,0
27,0954-00213934,189.349539,5.441498,0,PSO J189.3492+05.4420,189.34915847,5.44200949,2.2913733376173786,0954-0213934,189.349539,5.441498,2.291373,0,0,0,0
28,1327-00292027,189.58441444444446,42.76332522222222,1,PSO J189.5844+42.7635,189.58442197,42.76348818,0.5869850820205973,1327-0292021,189.583409,42.765314,7.09727,0,0,1,1
29,1087-00212421,197.068714,18.780217,0,PSO J197.0690+18.7802,197.06901328,18.78016062,1.040044648880118,1087-0212421,197.068714,18.780217,1.040045,0,0,1,1
30,1168-00245801,212.93612566666664,26.82265588888889,1,PSO J212.9356+26.8220,212.93555452,26.82200312,2.98148311759633,,,,,0,1,0,1
31,1343-00269430,215.70618355555555,44.35545922222222,1,PSO J215.7067+44.3549,215.70674339,44.35492903,2.39159778618767,,,,,0,1,0,1
32,1523-00271731,226.116437,62.390059,0,PSO J226.1153+62.3900,226.11526781,62.39003249,1.9530331062874688,1523-0271731,226.116437,62.390059,1.953033,0,0,0,0
33,1129-00279272,232.422612,22.971723,0,PSO J232.4230+22.9711,232.42297814,22.97107472,2.630481232231186,1129-0279272,232.422612,22.971723,2.630481,0,0,0,0
34,1285-00259040,242.438298,38.580195,0,PSO J242.4383+38.5804,242.43832051,38.58037693,0.6580045125082259,1285-0259040,242.438298,38.580195,0.658005,0,0,1,1
35,1340-00289064,260.145242,44.00315,0,PSO J260.1458+44.0030,260.14578215,44.00302509,1.46921897117136,1340-0289064,260.145242,44.00315,1.469219,0,0,1,1
36,1309-00305148,277.742217,40.900045,0,PSO J277.7422+40.9000,277.74218931677063,40.899972679055146,0.2710336736463979,1309-0305148,277.742217,40.900045,0.271034,0,0,1,1
