cntr_01,dist_x,pang_x,ra_01,dec_01,solution_id,designation,source_id,random_index,ref_epoch,ra,ra_error,dec,dec_error,parallax,parallax_error,parallax_over_error,pm,pmra,pmra_error,pmdec,pmdec_error,ra_dec_corr,ra_parallax_corr,ra_pmra_corr,ra_pmdec_corr,dec_parallax_corr,dec_pmra_corr,dec_pmdec_corr,parallax_pmra_corr,parallax_pmdec_corr,pmra_pmdec_corr,astrometric_n_obs_al,astrometric_n_obs_ac,astrometric_n_good_obs_al,astrometric_n_bad_obs_al,astrometric_gof_al,astrometric_chi2_al,astrometric_excess_noise,astrometric_excess_noise_sig,astrometric_params_solved,astrometric_primary_flag,nu_eff_used_in_astrometry,pseudocolour,pseudocolour_error,ra_pseudocolour_corr,dec_pseudocolour_corr,parallax_pseudocolour_corr,pmra_pseudocolour_corr,pmdec_pseudocolour_corr,astrometric_matched_transits,visibility_periods_used,astrometric_sigma5d_max,matched_transits,new_matched_transits,matched_transits_removed,ipd_gof_harmonic_amplitude,ipd_gof_harmonic_phase,ipd_frac_multi_peak,ipd_frac_odd_win,ruwe,scan_direction_strength_k1,scan_direction_strength_k2,scan_direction_strength_k3,scan_direction_strength_k4,scan_direction_mean_k1,scan_direction_mean_k2,scan_direction_mean_k3,scan_direction_mean_k4,duplicated_source,phot_g_n_obs,phot_g_mean_flux,phot_g_mean_flux_error,phot_g_mean_flux_over_error,phot_g_mean_mag,phot_bp_n_obs,phot_bp_mean_flux,phot_bp_mean_flux_error,phot_bp_mean_flux_over_error,phot_bp_mean_mag,phot_rp_n_obs,phot_rp_mean_flux,phot_rp_mean_flux_error,phot_rp_mean_flux_over_error,phot_rp_mean_mag,phot_bp_rp_excess_factor,phot_bp_n_contaminated_transits,phot_bp_n_blended_transits,phot_rp_n_contaminated_transits,phot_rp_n_blended_transits,phot_proc_mode,bp_rp,bp_g,g_rp,radial_velocity,radial_velocity_error,rv_method_used,rv_nb_transits,rv_nb_deblended_transits,rv_visibility_periods_used,rv_expected_sig_to_noise,rv_renormalised_gof,rv_chisq_pvalue,rv_time_duration,rv_amplitude_robust,rv_template_teff,rv_template_logg,rv_template_fe_h,rv_atm_param_origin,vbroad,vbroad_error,vbroad_nb_transits,grvs_mag,grvs_mag_error,grvs_mag_nb_transits,rvs_spec_sig_to_noise,phot_variable_flag,l,b,ecl_lon,ecl_lat,in_qso_candidates,in_galaxy_candidates,non_single_star,has_xp_continuous,has_xp_sampled,has_rvs,has_epoch_photometry,has_epoch_rv,has_mcmc_gspphot,has_mcmc_msc,in_andromeda_survey,classprob_dsc_combmod_quasar,classprob_dsc_combmod_galaxy,classprob_dsc_combmod_star,teff_gspphot,teff_gspphot_lower,teff_gspphot_upper,logg_gspphot,logg_gspphot_lower,logg_gspphot_upper,mh_gspphot,mh_gspphot_lower,mh_gspphot_upper,distance_gspphot,distance_gspphot_lower,distance_gspphot_upper,azero_gspphot,azero_gspphot_lower,azero_gspphot_upper,ag_gspphot,ag_gspphot_lower,ag_gspphot_upper,ebpminrp_gspphot,ebpminrp_gspphot_lower,ebpminrp_gspphot_upper,libname_gspphot
1,,,2.8446528889,-3.1622448889,,,,,,,,,,,,,,,,,,,,,,,,,,,,,,,,,,,,,,,,,,,,,,,,,,,,,,,,,,,,,,,,,,,,,,,,,,,,,,,,,,,,,,,,,,,,,,,,,,,,,,,,,,,,,,,,,,,,,,,,,,,,,,,,,,,,,,,,,,,,,,,,,,,,,,,,
2,,,3.471031,3.389028,,,,,,,,,,,,,,,,,,,,,,,,,,,,,,,,,,,,,,,,,,,,,,,,,,,,,,,,,,,,,,,,,,,,,,,,,,,,,,,,,,,,,,,,,,,,,,,,,,,,,,,,,,,,,,,,,,,,,,,,,,,,,,,,,,,,,,,,,,,,,,,,,,,,,,,,
3,,,3.895387,17.590239,,,,,,,,,,,,,,,,,,,,,,,,,,,,,,,,,,,,,,,,,,,,,,,,,,,,,,,,,,,,,,,,,,,,,,,,,,,,,,,,,,,,,,,,,,,,,,,,,,,,,,,,,,,,,,,,,,,,,,,,,,,,,,,,,,,,,,,,,,,,,,,,,,,,,,,,
4,,,4.030117,21.979837,,,,,,,,,,,,,,,,,,,,,,,,,,,,,,,,,,,,,,,,,,,,,,,,,,,,,,,,,,,,,,,,,,,,,,,,,,,,,,,,,,,,,,,,,,,,,,,,,,,,,,,,,,,,,,,,,,,,,,,,,,,,,,,,,,,,,,,,,,,,,,,,,,,,,,,,
5,,,9.355856,27.209589,,,,,,,,,,,,,,,,,,,,,,,,,,,,,,,,,,,,,,,,,,,,,,,,,,,,,,,,,,,,,,,,,,,,,,,,,,,,,,,,,,,,,,,,,,,,,,,,,,,,,,,,,,,,,,,,,,,,,,,,,,,,,,,,,,,,,,,,,,,,,,,,,,,,,,,,
6,,,10.3451,3.3677255556,,,,,,,,,,,,,,,,,,,,,,,,,,,,,,,,,,,,,,,,,,,,,,,,,,,,,,,,,,,,,,,,,,,,,,,,,,,,,,,,,,,,,,,,,,,,,,,,,,,,,,,,,,,,,,,,,,,,,,,,,,,,,,,,,,,,,,,,,,,,,,,,,,,,,,,,
7,,,10.661473,12.513245,,,,,,,,,,,,,,,,,,,,,,,,,,,,,,,,,,,,,,,,,,,,,,,,,,,,,,,,,,,,,,,,,,,,,,,,,,,,,,,,,,,,,,,,,,,,,,,,,,,,,,,,,,,,,,,,,,,,,,,,,,,,,,,,,,,,,,,,,,,,,,,,,,,,,,,,
8,,,12.819094556,-5.6760561111,,,,,,,,,,,,,,,,,,,,,,,,,,,,,,,,,,,,,,,,,,,,,,,,,,,,,,,,,,,,,,,,,,,,,,,,,,,,,,,,,,,,,,,,,,,,,,,,,,,,,,,,,,,,,,,,,,,,,,,,,,,,,,,,,,,,,,,,,,,,,,,,,,,,,,,,
9,,,14.634073,17.801178,,,,,,,,,,,,,,,,,,,,,,,,,,,,,,,,,,,,,,,,,,,,,,,,,,,,,,,,,,,,,,,,,,,,,,,,,,,,,,,,,,,,,,,,,,,,,,,,,,,,,,,,,,,,,,,,,,,,,,,,,,,,,,,,,,,,,,,,,,,,,,,,,,,,,,,,
10,,,24.873195,9.010906,,,,,,,,,,,,,,,,,,,,,,,,,,,,,,,,,,,,,,,,,,,,,,,,,,,,,,,,,,,,,,,,,,,,,,,,,,,,,,,,,,,,,,,,,,,,,,,,,,,,,,,,,,,,,,,,,,,,,,,,,,,,,,,,,,,,,,,,,,,,,,,,,,,,,,,,
11,4.94454,-145.999787,28.8779,9.011723,1636148068921376768,Gaia DR3 2570523392486888064,2570523392486888064,581236030,2016.0,28.87712235708,9.0222,9.01058433275,5.0013,,,,,,,,,-0.5094,,,,,,,,,,55,0,53,2,8.747,193.1381,20.036,67.7573,3,0,,,,,,,,,7,6,20.405735,8,3,0,0.206,7.857,0,0,,0.238,0.586,0.315,0.891,-87.848,15.512,-47.678,23.672,0,63,62.02825,1.83241,33.85065,21.205893,7,128.89348,45.14343,2.8552,20.062965,7,211.67643,9.05561,23.37516,18.933714,5.491,0,0,0,0,0,1.129251,-1.142927,2.272179,,,,,,,,,,,,,,,,,,,,,,,NOT_AVAILABLE,148.39719107349,-50.66602883439,30.02935956279,-2.63858940323,0,0,0,0,0,0,0,0,0,0,0,0.000132,0.000334,0.997876,,,,,,,,,,,,,,,,,,,,,,
12,,,29.150439,22.869123,,,,,,,,,,,,,,,,,,,,,,,,,,,,,,,,,,,,,,,,,,,,,,,,,,,,,,,,,,,,,,,,,,,,,,,,,,,,,,,,,,,,,,,,,,,,,,,,,,,,,,,,,,,,,,,,,,,,,,,,,,,,,,,,,,,,,,,,,,,,,,,,,,,,,,,,
13,,,33.227775,6.862581,,,,,,,,,,,,,,,,,,,,,,,,,,,,,,,,,,,,,,,,,,,,,,,,,,,,,,,,,,,,,,,,,,,,,,,,,,,,,,,,,,,,,,,,,,,,,,,,,,,,,,,,,,,,,,,,,,,,,,,,,,,,,,,,,,,,,,,,,,,,,,,,,,,,,,,,
14,8.501104,-120.99239,43.257887,-1.669906,1636148068921376768,Gaia DR3 5187541734393616768,5187541734393616768,390711216,2016.0,43.25586184711,0.0936,-1.67112195015,0.0882,-0.0715,0.1084,-0.6595,2.572,-0.299,0.107,-2.555,0.11,0.1884,0.4065,-0.0593,-0.2484,-0.0991,-0.2316,-0.3279,0.0523,-0.1675,0.3304,196,0,195,1,2.1598,244.0819,0.341,2.1374,31,1,1.524,,,,,,,,23,13,0.177676,24,11,0,0.032,72.739,4,0,1.111,0.331,0.155,0.348,0.851,-55.182,-32.128,-57.594,27.497,0,191,1921.54922,2.45108,783.96094,17.478237,22,996.22204,19.91309,50.02851,17.842651,22,1356.73115,9.3778,144.67476,16.91666,1.225,0,2,0,1,0,0.925991,0.364414,0.561577,,,,,,,,,,,,,,,,,,,,,,,NOT_AVAILABLE,176.95222818348,-51.31796713731,40.27540514795,-17.41075075138,0,0,0,1,0,0,0,0,1,1,0,0.0,0.0,0.999985,5238.4,5223.3,5259.0,4.7509,4.736,4.7666,-2.0746,-2.245,-1.8867,1526.0046,1509.2012,1555.4102,0.0125,0.0031,0.0304,0.0103,0.0026,0.0249,0.0056,0.0014,0.0136,MARCS
15,,,52.895373,5.412787,,,,,,,,,,,,,,,,,,,,,,,,,,,,,,,,,,,,,,,,,,,,,,,,,,,,,,,,,,,,,,,,,,,,,,,,,,,,,,,,,,,,,,,,,,,,,,,,,,,,,,,,,,,,,,,,,,,,,,,,,,,,,,,,,,,,,,,,,,,,,,,,,,,,,,,,
16,,,67.961184,8.270728,,,,,,,,,,,,,,,,,,,,,,,,,,,,,,,,,,,,,,,,,,,,,,,,,,,,,,,,,,,,,,,,,,,,,,,,,,,,,,,,,,,,,,,,,,,,,,,,,,,,,,,,,,,,,,,,,,,,,,,,,,,,,,,,,,,,,,,,,,,,,,,,,,,,,,,,
17,,,70.986948,11.760406,,,,,,,,,,,,,,,,,,,,,,,,,,,,,,,,,,,,,,,,,,,,,,,,,,,,,,,,,,,,,,,,,,,,,,,,,,,,,,,,,,,,,,,,,,,,,,,,,,,,,,,,,,,,,,,,,,,,,,,,,,,,,,,,,,,,,,,,,,,,,,,,,,,,,,,,
18,,,99.705237,82.851228,,,,,,,,,,,,,,,,,,,,,,,,,,,,,,,,,,,,,,,,,,,,,,,,,,,,,,,,,,,,,,,,,,,,,,,,,,,,,,,,,,,,,,,,,,,,,,,,,,,,,,,,,,,,,,,,,,,,,,,,,,,,,,,,,,,,,,,,,,,,,,,,,,,,,,,,
19,,,116.906139,37.359555667,,,,,,,,,,,,,,,,,,,,,,,,,,,,,,,,,,,,,,,,,,,,,,,,,,,,,,,,,,,,,,,,,,,,,,,,,,,,,,,,,,,,,,,,,,,,,,,,,,,,,,,,,,,,,,,,,,,,,,,,,,,,,,,,,,,,,,,,,,,,,,,,,,,,,,,,
20,,,120.460128,24.6009,,,,,,,,,,,,,,,,,,,,,,,,,,,,,,,,,,,,,,,,,,,,,,,,,,,,,,,,,,,,,,,,,,,,,,,,,,,,,,,,,,,,,,,,,,,,,,,,,,,,,,,,,,,,,,,,,,,,,,,,,,,,,,,,,,,,,,,,,,,,,,,,,,,,,,,,
21,,,125.43119456,58.308772667,,,,,,,,,,,,,,,,,,,,,,,,,,,,,,,,,,,,,,,,,,,,,,,,,,,,,,,,,,,,,,,,,,,,,,,,,,,,,,,,,,,,,,,,,,,,,,,,,,,,,,,,,,,,,,,,,,,,,,,,,,,,,,,,,,,,,,,,,,,,,,,,,,,,,,,,
22,,,125.56641156,37.766298111,,,,,,,,,,,,,,,,,,,,,,,,,,,,,,,,,,,,,,,,,,,,,,,,,,,,,,,,,,,,,,,,,,,,,,,,,,,,,,,,,,,,,,,,,,,,,,,,,,,,,,,,,,,,,,,,,,,,,,,,,,,,,,,,,,,,,,,,,,,,,,,,,,,,,,,,
23,,,127.436362,61.493006,,,,,,,,,,,,,,,,,,,,,,,,,,,,,,,,,,,,,,,,,,,,,,,,,,,,,,,,,,,,,,,,,,,,,,,,,,,,,,,,,,,,,,,,,,,,,,,,,,,,,,,,,,,,,,,,,,,,,,,,,,,,,,,,,,,,,,,,,,,,,,,,,,,,,,,,
24,,,128.828042,62.064314,,,,,,,,,,,,,,,,,,,,,,,,,,,,,,,,,,,,,,,,,,,,,,,,,,,,,,,,,,,,,,,,,,,,,,,,,,,,,,,,,,,,,,,,,,,,,,,,,,,,,,,,,,,,,,,,,,,,,,,,,,,,,,,,,,,,,,,,,,,,,,,,,,,,,,,,
25,,,131.02600556,57.955180667,,,,,,,,,,,,,,,,,,,,,,,,,,,,,,,,,,,,,,,,,,,,,,,,,,,,,,,,,,,,,,,,,,,,,,,,,,,,,,,,,,,,,,,,,,,,,,,,,,,,,,,,,,,,,,,,,,,,,,,,,,,,,,,,,,,,,,,,,,,,,,,,,,,,,,,,
26,,,132.82205,62.976712,,,,,,,,,,,,,,,,,,,,,,,,,,,,,,,,,,,,,,,,,,,,,,,,,,,,,,,,,,,,,,,,,,,,,,,,,,,,,,,,,,,,,,,,,,,,,,,,,,,,,,,,,,,,,,,,,,,,,,,,,,,,,,,,,,,,,,,,,,,,,,,,,,,,,,,,
27,,,139.692639,62.496967,,,,,,,,,,,,,,,,,,,,,,,,,,,,,,,,,,,,,,,,,,,,,,,,,,,,,,,,,,,,,,,,,,,,,,,,,,,,,,,,,,,,,,,,,,,,,,,,,,,,,,,,,,,,,,,,,,,,,,,,,,,,,,,,,,,,,,,,,,,,,,,,,,,,,,,,
28,,,143.290956,15.143325,,,,,,,,,,,,,,,,,,,,,,,,,,,,,,,,,,,,,,,,,,,,,,,,,,,,,,,,,,,,,,,,,,,,,,,,,,,,,,,,,,,,,,,,,,,,,,,,,,,,,,,,,,,,,,,,,,,,,,,,,,,,,,,,,,,,,,,,,,,,,,,,,,,,,,,,
29,,,144.088334,37.828853,,,,,,,,,,,,,,,,,,,,,,,,,,,,,,,,,,,,,,,,,,,,,,,,,,,,,,,,,,,,,,,,,,,,,,,,,,,,,,,,,,,,,,,,,,,,,,,,,,,,,,,,,,,,,,,,,,,,,,,,,,,,,,,,,,,,,,,,,,,,,,,,,,,,,,,,
30,,,144.86945,22.661587,,,,,,,,,,,,,,,,,,,,,,,,,,,,,,,,,,,,,,,,,,,,,,,,,,,,,,,,,,,,,,,,,,,,,,,,,,,,,,,,,,,,,,,,,,,,,,,,,,,,,,,,,,,,,,,,,,,,,,,,,,,,,,,,,,,,,,,,,,,,,,,,,,,,,,,,
31,,,145.503717,16.932306,,,,,,,,,,,,,,,,,,,,,,,,,,,,,,,,,,,,,,,,,,,,,,,,,,,,,,,,,,,,,,,,,,,,,,,,,,,,,,,,,,,,,,,,,,,,,,,,,,,,,,,,,,,,,,,,,,,,,,,,,,,,,,,,,,,,,,,,,,,,,,,,,,,,,,,,
32,,,145.7808,31.199828,,,,,,,,,,,,,,,,,,,,,,,,,,,,,,,,,,,,,,,,,,,,,,,,,,,,,,,,,,,,,,,,,,,,,,,,,,,,,,,,,,,,,,,,,,,,,,,,,,,,,,,,,,,,,,,,,,,,,,,,,,,,,,,,,,,,,,,,,,,,,,,,,,,,,,,,
33,,,147.55808911,49.646494778,,,,,,,,,,,,,,,,,,,,,,,,,,,,,,,,,,,,,,,,,,,,,,,,,,,,,,,,,,,,,,,,,,,,,,,,,,,,,,,,,,,,,,,,,,,,,,,,,,,,,,,,,,,,,,,,,,,,,,,,,,,,,,,,,,,,,,,,,,,,,,,,,,,,,,,,
34,,,150.888964,22.150459,,,,,,,,,,,,,,,,,,,,,,,,,,,,,,,,,,,,,,,,,,,,,,,,,,,,,,,,,,,,,,,,,,,,,,,,,,,,,,,,,,,,,,,,,,,,,,,,,,,,,,,,,,,,,,,,,,,,,,,,,,,,,,,,,,,,,,,,,,,,,,,,,,,,,,,,
35,,,150.91472,16.750331,,,,,,,,,,,,,,,,,,,,,,,,,,,,,,,,,,,,,,,,,,,,,,,,,,,,,,,,,,,,,,,,,,,,,,,,,,,,,,,,,,,,,,,,,,,,,,,,,,,,,,,,,,,,,,,,,,,,,,,,,,,,,,,,,,,,,,,,,,,,,,,,,,,,,,,,
36,,,152.48680289,14.754122222,,,,,,,,,,,,,,,,,,,,,,,,,,,,,,,,,,,,,,,,,,,,,,,,,,,,,,,,,,,,,,,,,,,,,,,,,,,,,,,,,,,,,,,,,,,,,,,,,,,,,,,,,,,,,,,,,,,,,,,,,,,,,,,,,,,,,,,,,,,,,,,,,,,,,,,,
37,,,153.86302,25.662203,,,,,,,,,,,,,,,,,,,,,,,,,,,,,,,,,,,,,,,,,,,,,,,,,,,,,,,,,,,,,,,,,,,,,,,,,,,,,,,,,,,,,,,,,,,,,,,,,,,,,,,,,,,,,,,,,,,,,,,,,,,,,,,,,,,,,,,,,,,,,,,,,,,,,,,,
38,,,154.747192,21.236992,,,,,,,,,,,,,,,,,,,,,,,,,,,,,,,,,,,,,,,,,,,,,,,,,,,,,,,,,,,,,,,,,,,,,,,,,,,,,,,,,,,,,,,,,,,,,,,,,,,,,,,,,,,,,,,,,,,,,,,,,,,,,,,,,,,,,,,,,,,,,,,,,,,,,,,,
39,,,154.86706433,15.054248,,,,,,,,,,,,,,,,,,,,,,,,,,,,,,,,,,,,,,,,,,,,,,,,,,,,,,,,,,,,,,,,,,,,,,,,,,,,,,,,,,,,,,,,,,,,,,,,,,,,,,,,,,,,,,,,,,,,,,,,,,,,,,,,,,,,,,,,,,,,,,,,,,,,,,,,
40,,,155.519045,24.44112,,,,,,,,,,,,,,,,,,,,,,,,,,,,,,,,,,,,,,,,,,,,,,,,,,,,,,,,,,,,,,,,,,,,,,,,,,,,,,,,,,,,,,,,,,,,,,,,,,,,,,,,,,,,,,,,,,,,,,,,,,,,,,,,,,,,,,,,,,,,,,,,,,,,,,,,
41,3.83619,-87.151187,155.88659511,16.840516667,1636148068921376768,Gaia DR3 3890309977180873856,3890309977180873856,1309840830,2016.0,155.88548313192,0.2097,16.84056962514,0.2156,0.0691,0.2801,0.2466,8.141,4.14,0.247,-7.009,0.202,-0.3824,-0.1614,-0.4304,0.1134,0.0364,0.0207,-0.5735,0.5943,-0.3877,-0.5398,366,0,363,3,0.5481,387.9929,0.0,0.0,31,0,1.44,,,,,,,,42,12,0.423483,44,35,0,0.054,17.654,0,0,1.02,0.462,0.685,0.432,0.609,34.96,39.54,36.579,-41.918,0,359,519.94266,0.94222,551.82678,18.897478,38,216.59312,8.59989,25.18556,19.49943,39,404.20819,7.19161,56.20554,18.231382,1.194,0,1,0,0,0,1.268047,0.601952,0.666096,,,,,,,,,,,,,,,,,,,,,,,NOT_AVAILABLE,221.8982393642,54.35365457794,151.51557354528,6.33010657781,0,0,0,0,0,0,0,0,1,0,0,0.0,0.0,0.999995,4508.4,4487.9,4564.7,4.8007,4.7065,4.862,-1.0231,-1.3765,-0.4974,1889.7262,1699.8162,2332.8384,0.0194,0.0054,0.0467,0.015,0.0042,0.0362,0.008,0.0022,0.0193,PHOENIX
42,,,157.614331,22.738103,,,,,,,,,,,,,,,,,,,,,,,,,,,,,,,,,,,,,,,,,,,,,,,,,,,,,,,,,,,,,,,,,,,,,,,,,,,,,,,,,,,,,,,,,,,,,,,,,,,,,,,,,,,,,,,,,,,,,,,,,,,,,,,,,,,,,,,,,,,,,,,,,,,,,,,,
43,,,160.201848,21.891209,,,,,,,,,,,,,,,,,,,,,,,,,,,,,,,,,,,,,,,,,,,,,,,,,,,,,,,,,,,,,,,,,,,,,,,,,,,,,,,,,,,,,,,,,,,,,,,,,,,,,,,,,,,,,,,,,,,,,,,,,,,,,,,,,,,,,,,,,,,,,,,,,,,,,,,,
44,7.537083,141.047463,160.80996411,17.181330778,1636148068921376768,Gaia DR3 3982713832027035136,3982713832027035136,699409910,2016.0,160.8113417977,0.2133,17.17970262285,0.1551,5.8321,0.2416,24.1367,74.39,57.693,0.259,-46.961,0.197,0.1638,-0.3711,0.0956,0.1714,-0.3578,-0.0494,0.153,0.2571,-0.3729,-0.0612,233,0,230,3,-0.8082,237.3895,0.0,0.0,95,0,,1.2185,0.0495,-0.122,-0.043,0.015,-0.056,0.053,27,16,0.363528,27,10,0,0.042,111.043,0,0,0.961,0.289,0.232,0.448,0.86,-83.202,3.415,-7.254,-23.318,0,229,591.23506,1.53166,386.00912,18.757967,23,69.3383,8.52092,8.13742,20.736109,23,823.36963,12.08933,68.10711,17.458908,1.51,0,1,0,1,0,3.277201,1.978142,1.299059,,,,,,,,,,,,,,,,,,,,,,,NOT_AVAILABLE,224.78223763672,58.80205971558,155.79561874963,8.40031663109,0,0,0,0,0,0,0,0,1,0,0,0.0,0.0,0.999973,3040.9,3034.7,3048.2,5.1757,5.157,5.19,-0.5863,-0.6363,-0.528,155.7088,150.8535,161.7968,0.0328,0.0072,0.0822,0.0197,0.0043,0.0496,0.0141,0.0031,0.0353,MARCS
45,,,162.898862,15.227423,,,,,,,,,,,,,,,,,,,,,,,,,,,,,,,,,,,,,,,,,,,,,,,,,,,,,,,,,,,,,,,,,,,,,,,,,,,,,,,,,,,,,,,,,,,,,,,,,,,,,,,,,,,,,,,,,,,,,,,,,,,,,,,,,,,,,,,,,,,,,,,,,,,,,,,,
46,,,163.909689,14.927428,,,,,,,,,,,,,,,,,,,,,,,,,,,,,,,,,,,,,,,,,,,,,,,,,,,,,,,,,,,,,,,,,,,,,,,,,,,,,,,,,,,,,,,,,,,,,,,,,,,,,,,,,,,,,,,,,,,,,,,,,,,,,,,,,,,,,,,,,,,,,,,,,,,,,,,,
47,,,166.962556,35.037362,,,,,,,,,,,,,,,,,,,,,,,,,,,,,,,,,,,,,,,,,,,,,,,,,,,,,,,,,,,,,,,,,,,,,,,,,,,,,,,,,,,,,,,,,,,,,,,,,,,,,,,,,,,,,,,,,,,,,,,,,,,,,,,,,,,,,,,,,,,,,,,,,,,,,,,,
48,,,166.97446944,18.836030667,,,,,,,,,,,,,,,,,,,,,,,,,,,,,,,,,,,,,,,,,,,,,,,,,,,,,,,,,,,,,,,,,,,,,,,,,,,,,,,,,,,,,,,,,,,,,,,,,,,,,,,,,,,,,,,,,,,,,,,,,,,,,,,,,,,,,,,,,,,,,,,,,,,,,,,,
49,,,168.69735067,8.2949536667,,,,,,,,,,,,,,,,,,,,,,,,,,,,,,,,,,,,,,,,,,,,,,,,,,,,,,,,,,,,,,,,,,,,,,,,,,,,,,,,,,,,,,,,,,,,,,,,,,,,,,,,,,,,,,,,,,,,,,,,,,,,,,,,,,,,,,,,,,,,,,,,,,,,,,,,
50,,,170.05943378,7.9482226667,,,,,,,,,,,,,,,,,,,,,,,,,,,,,,,,,,,,,,,,,,,,,,,,,,,,,,,,,,,,,,,,,,,,,,,,,,,,,,,,,,,,,,,,,,,,,,,,,,,,,,,,,,,,,,,,,,,,,,,,,,,,,,,,,,,,,,,,,,,,,,,,,,,,,,,,
51,,,171.10678089,2.1182703333,,,,,,,,,,,,,,,,,,,,,,,,,,,,,,,,,,,,,,,,,,,,,,,,,,,,,,,,,,,,,,,,,,,,,,,,,,,,,,,,,,,,,,,,,,,,,,,,,,,,,,,,,,,,,,,,,,,,,,,,,,,,,,,,,,,,,,,,,,,,,,,,,,,,,,,,
52,,,172.824937,10.223714,,,,,,,,,,,,,,,,,,,,,,,,,,,,,,,,,,,,,,,,,,,,,,,,,,,,,,,,,,,,,,,,,,,,,,,,,,,,,,,,,,,,,,,,,,,,,,,,,,,,,,,,,,,,,,,,,,,,,,,,,,,,,,,,,,,,,,,,,,,,,,,,,,,,,,,,
53,,,172.895448,4.264323,,,,,,,,,,,,,,,,,,,,,,,,,,,,,,,,,,,,,,,,,,,,,,,,,,,,,,,,,,,,,,,,,,,,,,,,,,,,,,,,,,,,,,,,,,,,,,,,,,,,,,,,,,,,,,,,,,,,,,,,,,,,,,,,,,,,,,,,,,,,,,,,,,,,,,,,
54,,,173.06046467,2.5723361111,,,,,,,,,,,,,,,,,,,,,,,,,,,,,,,,,,,,,,,,,,,,,,,,,,,,,,,,,,,,,,,,,,,,,,,,,,,,,,,,,,,,,,,,,,,,,,,,,,,,,,,,,,,,,,,,,,,,,,,,,,,,,,,,,,,,,,,,,,,,,,,,,,,,,,,,
55,,,173.105667,5.3825,,,,,,,,,,,,,,,,,,,,,,,,,,,,,,,,,,,,,,,,,,,,,,,,,,,,,,,,,,,,,,,,,,,,,,,,,,,,,,,,,,,,,,,,,,,,,,,,,,,,,,,,,,,,,,,,,,,,,,,,,,,,,,,,,,,,,,,,,,,,,,,,,,,,,,,,
56,,,177.382078,16.121484,,,,,,,,,,,,,,,,,,,,,,,,,,,,,,,,,,,,,,,,,,,,,,,,,,,,,,,,,,,,,,,,,,,,,,,,,,,,,,,,,,,,,,,,,,,,,,,,,,,,,,,,,,,,,,,,,,,,,,,,,,,,,,,,,,,,,,,,,,,,,,,,,,,,,,,,
57,,,178.382875,63.066495,,,,,,,,,,,,,,,,,,,,,,,,,,,,,,,,,,,,,,,,,,,,,,,,,,,,,,,,,,,,,,,,,,,,,,,,,,,,,,,,,,,,,,,,,,,,,,,,,,,,,,,,,,,,,,,,,,,,,,,,,,,,,,,,,,,,,,,,,,,,,,,,,,,,,,,,
58,,,179.092006,67.076764,,,,,,,,,,,,,,,,,,,,,,,,,,,,,,,,,,,,,,,,,,,,,,,,,,,,,,,,,,,,,,,,,,,,,,,,,,,,,,,,,,,,,,,,,,,,,,,,,,,,,,,,,,,,,,,,,,,,,,,,,,,,,,,,,,,,,,,,,,,,,,,,,,,,,,,,
59,,,184.45348933,67.678250667,,,,,,,,,,,,,,,,,,,,,,,,,,,,,,,,,,,,,,,,,,,,,,,,,,,,,,,,,,,,,,,,,,,,,,,,,,,,,,,,,,,,,,,,,,,,,,,,,,,,,,,,,,,,,,,,,,,,,,,,,,,,,,,,,,,,,,,,,,,,,,,,,,,,,,,,
60,,,185.816642,16.470814,,,,,,,,,,,,,,,,,,,,,,,,,,,,,,,,,,,,,,,,,,,,,,,,,,,,,,,,,,,,,,,,,,,,,,,,,,,,,,,,,,,,,,,,,,,,,,,,,,,,,,,,,,,,,,,,,,,,,,,,,,,,,,,,,,,,,,,,,,,,,,,,,,,,,,,,
61,,,187.406573,61.299989,,,,,,,,,,,,,,,,,,,,,,,,,,,,,,,,,,,,,,,,,,,,,,,,,,,,,,,,,,,,,,,,,,,,,,,,,,,,,,,,,,,,,,,,,,,,,,,,,,,,,,,,,,,,,,,,,,,,,,,,,,,,,,,,,,,,,,,,,,,,,,,,,,,,,,,,
62,,,187.620025,20.716934,,,,,,,,,,,,,,,,,,,,,,,,,,,,,,,,,,,,,,,,,,,,,,,,,,,,,,,,,,,,,,,,,,,,,,,,,,,,,,,,,,,,,,,,,,,,,,,,,,,,,,,,,,,,,,,,,,,,,,,,,,,,,,,,,,,,,,,,,,,,,,,,,,,,,,,,
63,,,187.98058344,-2.1035174444,,,,,,,,,,,,,,,,,,,,,,,,,,,,,,,,,,,,,,,,,,,,,,,,,,,,,,,,,,,,,,,,,,,,,,,,,,,,,,,,,,,,,,,,,,,,,,,,,,,,,,,,,,,,,,,,,,,,,,,,,,,,,,,,,,,,,,,,,,,,,,,,,,,,,,,,
64,,,188.288617,43.235292,,,,,,,,,,,,,,,,,,,,,,,,,,,,,,,,,,,,,,,,,,,,,,,,,,,,,,,,,,,,,,,,,,,,,,,,,,,,,,,,,,,,,,,,,,,,,,,,,,,,,,,,,,,,,,,,,,,,,,,,,,,,,,,,,,,,,,,,,,,,,,,,,,,,,,,,
65,,,189.349539,5.441498,,,,,,,,,,,,,,,,,,,,,,,,,,,,,,,,,,,,,,,,,,,,,,,,,,,,,,,,,,,,,,,,,,,,,,,,,,,,,,,,,,,,,,,,,,,,,,,,,,,,,,,,,,,,,,,,,,,,,,,,,,,,,,,,,,,,,,,,,,,,,,,,,,,,,,,,
66,,,189.47293111,12.932198,,,,,,,,,,,,,,,,,,,,,,,,,,,,,,,,,,,,,,,,,,,,,,,,,,,,,,,,,,,,,,,,,,,,,,,,,,,,,,,,,,,,,,,,,,,,,,,,,,,,,,,,,,,,,,,,,,,,,,,,,,,,,,,,,,,,,,,,,,,,,,,,,,,,,,,,
67,,,189.58441444,42.763325222,,,,,,,,,,,,,,,,,,,,,,,,,,,,,,,,,,,,,,,,,,,,,,,,,,,,,,,,,,,,,,,,,,,,,,,,,,,,,,,,,,,,,,,,,,,,,,,,,,,,,,,,,,,,,,,,,,,,,,,,,,,,,,,,,,,,,,,,,,,,,,,,,,,,,,,,
68,,,190.546103,16.148625,,,,,,,,,,,,,,,,,,,,,,,,,,,,,,,,,,,,,,,,,,,,,,,,,,,,,,,,,,,,,,,,,,,,,,,,,,,,,,,,,,,,,,,,,,,,,,,,,,,,,,,,,,,,,,,,,,,,,,,,,,,,,,,,,,,,,,,,,,,,,,,,,,,,,,,,
69,,,193.443425,27.352428,,,,,,,,,,,,,,,,,,,,,,,,,,,,,,,,,,,,,,,,,,,,,,,,,,,,,,,,,,,,,,,,,,,,,,,,,,,,,,,,,,,,,,,,,,,,,,,,,,,,,,,,,,,,,,,,,,,,,,,,,,,,,,,,,,,,,,,,,,,,,,,,,,,,,,,,
70,,,193.497128,62.283673,,,,,,,,,,,,,,,,,,,,,,,,,,,,,,,,,,,,,,,,,,,,,,,,,,,,,,,,,,,,,,,,,,,,,,,,,,,,,,,,,,,,,,,,,,,,,,,,,,,,,,,,,,,,,,,,,,,,,,,,,,,,,,,,,,,,,,,,,,,,,,,,,,,,,,,,
71,,,197.068714,18.780217,,,,,,,,,,,,,,,,,,,,,,,,,,,,,,,,,,,,,,,,,,,,,,,,,,,,,,,,,,,,,,,,,,,,,,,,,,,,,,,,,,,,,,,,,,,,,,,,,,,,,,,,,,,,,,,,,,,,,,,,,,,,,,,,,,,,,,,,,,,,,,,,,,,,,,,,
72,,,202.655623,15.072139,,,,,,,,,,,,,,,,,,,,,,,,,,,,,,,,,,,,,,,,,,,,,,,,,,,,,,,,,,,,,,,,,,,,,,,,,,,,,,,,,,,,,,,,,,,,,,,,,,,,,,,,,,,,,,,,,,,,,,,,,,,,,,,,,,,,,,,,,,,,,,,,,,,,,,,,
73,,,202.725725,2.502159,,,,,,,,,,,,,,,,,,,,,,,,,,,,,,,,,,,,,,,,,,,,,,,,,,,,,,,,,,,,,,,,,,,,,,,,,,,,,,,,,,,,,,,,,,,,,,,,,,,,,,,,,,,,,,,,,,,,,,,,,,,,,,,,,,,,,,,,,,,,,,,,,,,,,,,,
74,,,203.007289,12.172034,,,,,,,,,,,,,,,,,,,,,,,,,,,,,,,,,,,,,,,,,,,,,,,,,,,,,,,,,,,,,,,,,,,,,,,,,,,,,,,,,,,,,,,,,,,,,,,,,,,,,,,,,,,,,,,,,,,,,,,,,,,,,,,,,,,,,,,,,,,,,,,,,,,,,,,,
75,,,206.373153,27.736737,,,,,,,,,,,,,,,,,,,,,,,,,,,,,,,,,,,,,,,,,,,,,,,,,,,,,,,,,,,,,,,,,,,,,,,,,,,,,,,,,,,,,,,,,,,,,,,,,,,,,,,,,,,,,,,,,,,,,,,,,,,,,,,,,,,,,,,,,,,,,,,,,,,,,,,,
76,,,208.75578978,8.170095,,,,,,,,,,,,,,,,,,,,,,,,,,,,,,,,,,,,,,,,,,,,,,,,,,,,,,,,,,,,,,,,,,,,,,,,,,,,,,,,,,,,,,,,,,,,,,,,,,,,,,,,,,,,,,,,,,,,,,,,,,,,,,,,,,,,,,,,,,,,,,,,,,,,,,,,
77,,,208.776275,11.196214,,,,,,,,,,,,,,,,,,,,,,,,,,,,,,,,,,,,,,,,,,,,,,,,,,,,,,,,,,,,,,,,,,,,,,,,,,,,,,,,,,,,,,,,,,,,,,,,,,,,,,,,,,,,,,,,,,,,,,,,,,,,,,,,,,,,,,,,,,,,,,,,,,,,,,,,
78,,,212.658481,26.009295,,,,,,,,,,,,,,,,,,,,,,,,,,,,,,,,,,,,,,,,,,,,,,,,,,,,,,,,,,,,,,,,,,,,,,,,,,,,,,,,,,,,,,,,,,,,,,,,,,,,,,,,,,,,,,,,,,,,,,,,,,,,,,,,,,,,,,,,,,,,,,,,,,,,,,,,
79,,,212.93612567,26.822655889,,,,,,,,,,,,,,,,,,,,,,,,,,,,,,,,,,,,,,,,,,,,,,,,,,,,,,,,,,,,,,,,,,,,,,,,,,,,,,,,,,,,,,,,,,,,,,,,,,,,,,,,,,,,,,,,,,,,,,,,,,,,,,,,,,,,,,,,,,,,,,,,,,,,,,,,
80,,,212.988631,12.563828,,,,,,,,,,,,,,,,,,,,,,,,,,,,,,,,,,,,,,,,,,,,,,,,,,,,,,,,,,,,,,,,,,,,,,,,,,,,,,,,,,,,,,,,,,,,,,,,,,,,,,,,,,,,,,,,,,,,,,,,,,,,,,,,,,,,,,,,,,,,,,,,,,,,,,,,
81,8.586942,-83.828933,215.70618356,44.355459222,1636148068921376768,Gaia DR3 1492904243810753408,1492904243810753408,1386580385,2016.0,215.70286691761,0.0799,44.35571558349,0.0911,1.0199,0.1169,8.7281,14.573,-10.448,0.098,10.159,0.115,0.2076,-0.0272,0.0291,0.1281,0.0296,0.1165,0.0886,-0.1048,-0.3015,0.145,497,0,494,3,-0.5445,492.2634,0.0,0.0,31,0,1.36,,,,,,,,57,29,0.165816,68,21,0,0.006,114.378,0,0,0.982,0.208,0.208,0.193,0.37,-97.628,-63.987,-59.158,33.61,0,571,875.03646,1.07567,813.48407,18.332302,59,272.05287,6.37179,42.69646,19.251909,64,858.57983,6.43424,133.43919,17.413445,1.292,0,1,0,2,0,1.838465,0.919607,0.918858,,,,,,,,,,,,,,,,,,,,,,,NOT_AVAILABLE,82.1460162818,64.85386801497,190.22626394928,53.84284539743,0,0,0,0,0,0,0,0,1,0,0,0.0,0.0,0.999942,3748.2,3730.4,3768.0,4.8142,4.7907,4.8333,-0.4396,-0.4725,-0.4077,774.2959,746.635,805.2815,0.023,0.0059,0.0469,0.0162,0.0042,0.0331,0.009,0.0023,0.0184,PHOENIX
82,,,216.346342,32.898712,,,,,,,,,,,,,,,,,,,,,,,,,,,,,,,,,,,,,,,,,,,,,,,,,,,,,,,,,,,,,,,,,,,,,,,,,,,,,,,,,,,,,,,,,,,,,,,,,,,,,,,,,,,,,,,,,,,,,,,,,,,,,,,,,,,,,,,,,,,,,,,,,,,,,,,,
83,,,221.50382,32.212617,,,,,,,,,,,,,,,,,,,,,,,,,,,,,,,,,,,,,,,,,,,,,,,,,,,,,,,,,,,,,,,,,,,,,,,,,,,,,,,,,,,,,,,,,,,,,,,,,,,,,,,,,,,,,,,,,,,,,,,,,,,,,,,,,,,,,,,,,,,,,,,,,,,,,,,,
84,6.383507,142.493836,222.44815,62.578462,1636148068921376768,Gaia DR3 1620202852512394496,1620202852512394496,1090876315,2016.0,222.45049413733,0.0653,62.57705532535,0.0618,1.1466,0.0706,16.2517,3.45,-3.403,0.078,0.569,0.085,0.0215,-0.2512,-0.13,0.2285,-0.0487,0.159,0.2021,-0.0872,-0.3423,0.0546,340,0,336,4,-0.1391,341.6557,0.0,0.0,31,0,1.405,,,,,,,,40,27,0.121577,62,16,0,0.027,106.701,0,0,0.994,0.166,0.034,0.099,0.083,163.114,33.754,38.326,-31.646,0,482,1936.14588,1.44575,1339.19897,17.470022,53,712.95094,7.58958,93.93813,18.205893,52,1751.88664,8.29433,211.21495,16.63913,1.273,1,2,0,2,0,1.566763,0.73587,0.830893,,,,,,,,,,,,,,,,,,,,,,,NOT_AVAILABLE,102.40378960932,49.56773873461,168.7043674305,69.72427900872,0,0,0,1,0,0,0,0,1,1,0,0.0,0.0,0.999952,4033.1,4024.8,4042.9,4.392,4.3749,4.4846,-0.7013,-0.7719,-0.6137,1242.4387,1076.2976,1282.3604,0.0069,0.0017,0.0181,0.0051,0.0012,0.0133,0.0027,0.0006,0.0072,PHOENIX
85,,,226.116437,62.390059,,,,,,,,,,,,,,,,,,,,,,,,,,,,,,,,,,,,,,,,,,,,,,,,,,,,,,,,,,,,,,,,,,,,,,,,,,,,,,,,,,,,,,,,,,,,,,,,,,,,,,,,,,,,,,,,,,,,,,,,,,,,,,,,,,,,,,,,,,,,,,,,,,,,,,,,
86,,,228.030978,51.110023,,,,,,,,,,,,,,,,,,,,,,,,,,,,,,,,,,,,,,,,,,,,,,,,,,,,,,,,,,,,,,,,,,,,,,,,,,,,,,,,,,,,,,,,,,,,,,,,,,,,,,,,,,,,,,,,,,,,,,,,,,,,,,,,,,,,,,,,,,,,,,,,,,,,,,,,
87,,,230.63308122,24.681436556,,,,,,,,,,,,,,,,,,,,,,,,,,,,,,,,,,,,,,,,,,,,,,,,,,,,,,,,,,,,,,,,,,,,,,,,,,,,,,,,,,,,,,,,,,,,,,,,,,,,,,,,,,,,,,,,,,,,,,,,,,,,,,,,,,,,,,,,,,,,,,,,,,,,,,,,
88,,,232.422612,22.971723,,,,,,,,,,,,,,,,,,,,,,,,,,,,,,,,,,,,,,,,,,,,,,,,,,,,,,,,,,,,,,,,,,,,,,,,,,,,,,,,,,,,,,,,,,,,,,,,,,,,,,,,,,,,,,,,,,,,,,,,,,,,,,,,,,,,,,,,,,,,,,,,,,,,,,,,
89,,,234.630975,43.034712,,,,,,,,,,,,,,,,,,,,,,,,,,,,,,,,,,,,,,,,,,,,,,,,,,,,,,,,,,,,,,,,,,,,,,,,,,,,,,,,,,,,,,,,,,,,,,,,,,,,,,,,,,,,,,,,,,,,,,,,,,,,,,,,,,,,,,,,,,,,,,,,,,,,,,,,
90,,,235.269937,9.015137,,,,,,,,,,,,,,,,,,,,,,,,,,,,,,,,,,,,,,,,,,,,,,,,,,,,,,,,,,,,,,,,,,,,,,,,,,,,,,,,,,,,,,,,,,,,,,,,,,,,,,,,,,,,,,,,,,,,,,,,,,,,,,,,,,,,,,,,,,,,,,,,,,,,,,,,
91,,,237.229462,62.414553,,,,,,,,,,,,,,,,,,,,,,,,,,,,,,,,,,,,,,,,,,,,,,,,,,,,,,,,,,,,,,,,,,,,,,,,,,,,,,,,,,,,,,,,,,,,,,,,,,,,,,,,,,,,,,,,,,,,,,,,,,,,,,,,,,,,,,,,,,,,,,,,,,,,,,,,
92,,,242.438298,38.580195,,,,,,,,,,,,,,,,,,,,,,,,,,,,,,,,,,,,,,,,,,,,,,,,,,,,,,,,,,,,,,,,,,,,,,,,,,,,,,,,,,,,,,,,,,,,,,,,,,,,,,,,,,,,,,,,,,,,,,,,,,,,,,,,,,,,,,,,,,,,,,,,,,,,,,,,
93,,,242.505006,61.519787,,,,,,,,,,,,,,,,,,,,,,,,,,,,,,,,,,,,,,,,,,,,,,,,,,,,,,,,,,,,,,,,,,,,,,,,,,,,,,,,,,,,,,,,,,,,,,,,,,,,,,,,,,,,,,,,,,,,,,,,,,,,,,,,,,,,,,,,,,,,,,,,,,,,,,,,
94,,,246.001339,61.350075,,,,,,,,,,,,,,,,,,,,,,,,,,,,,,,,,,,,,,,,,,,,,,,,,,,,,,,,,,,,,,,,,,,,,,,,,,,,,,,,,,,,,,,,,,,,,,,,,,,,,,,,,,,,,,,,,,,,,,,,,,,,,,,,,,,,,,,,,,,,,,,,,,,,,,,,
95,,,248.608259,34.073459,,,,,,,,,,,,,,,,,,,,,,,,,,,,,,,,,,,,,,,,,,,,,,,,,,,,,,,,,,,,,,,,,,,,,,,,,,,,,,,,,,,,,,,,,,,,,,,,,,,,,,,,,,,,,,,,,,,,,,,,,,,,,,,,,,,,,,,,,,,,,,,,,,,,,,,,
96,,,260.145242,44.00315,,,,,,,,,,,,,,,,,,,,,,,,,,,,,,,,,,,,,,,,,,,,,,,,,,,,,,,,,,,,,,,,,,,,,,,,,,,,,,,,,,,,,,,,,,,,,,,,,,,,,,,,,,,,,,,,,,,,,,,,,,,,,,,,,,,,,,,,,,,,,,,,,,,,,,,,
97,,,261.435853,73.902706,,,,,,,,,,,,,,,,,,,,,,,,,,,,,,,,,,,,,,,,,,,,,,,,,,,,,,,,,,,,,,,,,,,,,,,,,,,,,,,,,,,,,,,,,,,,,,,,,,,,,,,,,,,,,,,,,,,,,,,,,,,,,,,,,,,,,,,,,,,,,,,,,,,,,,,,
98,0.289397,-163.334607,277.742217,40.900045,1636148068921376768,Gaia DR3 2110356954263004160,2110356954263004160,892638407,2016.0,277.74218649957,0.2052,40.8999679885,0.2255,0.6957,0.2445,2.8457,7.641,-3.633,0.304,-6.722,0.302,-0.0307,0.0222,-0.0583,0.0075,0.011,0.0076,0.0835,0.0446,-0.2328,0.0114,343,0,343,0,-1.978,308.7812,0.0,0.0,95,0,,1.2858,0.0743,-0.03,0.078,-0.017,-0.155,-0.056,39,23,0.422739,43,17,0,0.014,23.674,0,0,0.924,0.227,0.169,0.044,0.047,-110.774,68.989,-34.23,-30.75,0,349,290.31092,0.92929,312.40228,19.530209,36,109.33154,6.73764,16.22698,20.241678,39,238.92138,6.62407,36.06868,18.802258,1.2,0,1,0,1,0,1.439421,0.71147,0.727951,,,,,,,,,,,,,,,,,,,,,,,NOT_AVAILABLE,69.18011433817,21.01132693247,283.42116468473,63.97897461405,0,0,0,0,0,0,0,0,0,0,0,0.0,0.0,0.999996,,,,,,,,,,,,,,,,,,,,,,
99,,,283.374209,77.91682,,,,,,,,,,,,,,,,,,,,,,,,,,,,,,,,,,,,,,,,,,,,,,,,,,,,,,,,,,,,,,,,,,,,,,,,,,,,,,,,,,,,,,,,,,,,,,,,,,,,,,,,,,,,,,,,,,,,,,,,,,,,,,,,,,,,,,,,,,,,,,,,,,,,,,,,
