_ra_,_dec_,_searchID_,MatchID,MatchRA,MatchDEC,dstArcSec,objName,objAltName1,objAltName2,objAltName3,uniquePspsOBid,ippObjID,surveyID,htmID,zoneID,tessID,projectionID,skyCellID,randomID,batchID,dvoRegionID,processingVersion,objInfoFlag,qualityFlag,raStack,decStack,raStackErr,decStackErr,raMeanErr,decMeanErr,epochMean,posMeanChisq,cx,cy,cz,lambda,beta,l,b,nStackObjectRows,nStackDetections,nDetections,ng,nr,ni,nz,ny,gQfPerfect,gMeanPSFMag,gMeanPSFMagErr,gMeanPSFMagStd,gMeanPSFMagNpt,gMeanPSFMagMin,gMeanPSFMagMax,gMeanKronMag,gMeanKronMagErr,gMeanKronMagStd,gMeanKronMagNpt,gMeanApMag,gMeanApMagErr,gMeanApMagStd,gMeanApMagNpt,gFlags,rQfPerfect,rMeanPSFMag,rMeanPSFMagErr,rMeanPSFMagStd,rMeanPSFMagNpt,rMeanPSFMagMin,rMeanPSFMagMax,rMeanKronMag,rMeanKronMagErr,rMeanKronMagStd,rMeanKronMagNpt,rMeanApMag,rMeanApMagErr,rMeanApMagStd,rMeanApMagNpt,rFlags,iQfPerfect,iMeanPSFMag,iMeanPSFMagErr,iMeanPSFMagStd,iMeanPSFMagNpt,iMeanPSFMagMin,iMeanPSFMagMax,iMeanKronMag,iMeanKronMagErr,iMeanKronMagStd,iMeanKronMagNpt,iMeanApMag,iMeanApMagErr,iMeanApMagStd,iMeanApMagNpt,iFlags,zQfPerfect,zMeanPSFMag,zMeanPSFMagErr,zMeanPSFMagStd,zMeanPSFMagNpt,zMeanPSFMagMin,zMeanPSFMagMax,zMeanKronMag,zMeanKronMagErr,zMeanKronMagStd,zMeanKronMagNpt,zMeanApMag,zMeanApMagErr,zMeanApMagStd,zMeanApMagNpt,zFlags,yQfPerfect,yMeanPSFMag,yMeanPSFMagErr,yMeanPSFMagStd,yMeanPSFMagNpt,yMeanPSFMagMin,yMeanPSFMagMax,yMeanKronMag,yMeanKronMagErr,yMeanKronMagStd,yMeanKronMagNpt,yMeanApMag,yMeanApMagErr,yMeanApMagStd,yMeanApMagNpt,yFlags
43.257887,-1.669906,13,105990432579026556,43.2579154,-1.66988811,0.12079741760359278,PSO J043.2579-01.6699,-999,-999,-999,3509918000018559,364651313383552,0,8934154692161,10599,1,1243,56,0.484099937122408,3509918,84902,3,268959744,32,-999.0,-999.0,-999.0,-999.0,0.25874000787734985,0.25874000787734985,56998.28221065,-999.0,0.7279670157257974,0.6849925771963364,-0.02914091970404919,40.27782960523472,-17.410200329822533,176.95307901336113,-51.315632531074336,-999,0,1,0,0,1,0,0,-999.0,-999.0,-999.0,-999.0,0,-999.0,-999.0,-999.0,-999.0,-999.0,0,-999.0,-999.0,-999.0,0,0,-999.0,-999.0,-999.0,-999.0,0,-999.0,-999.0,-999.0,-999.0,-999.0,0,-999.0,-999.0,-999.0,0,0,0.5450800061225891,21.42289924621582,0.25830599665641785,-999.0,1,21.42289924621582,21.42289924621582,-999.0,-999.0,-999.0,1,23.929500579833984,0.25830599665641785,-999.0,1,4120,-999.0,-999.0,-999.0,-999.0,0,-999.0,-999.0,-999.0,-999.0,-999.0,0,-999.0,-999.0,-999.0,0,0,-999.0,-999.0,-999.0,-999.0,0,-999.0,-999.0,-999.0,-999.0,-999.0,0,-999.0,-999.0,-999.0,0,0
277.742217,40.900045,97,157082777422000580,277.74218931677063,40.899972679055146,0.27103367364639797,PSO J277.7422+40.9000,-999,-999,-999,3532231000036174,256723080219983,0,14019913539424,15708,1,2209,20,0.922497250067533,3532231,59773,3,436527104,52,277.7422002,40.89996269,0.0010000000474974513,0.0010000000474974513,0.0019022392359688502,0.0019290916630492492,56383.082195173134,3.2855726251598973,0.1018254861924085,-0.7489636234021909,0.6547404532957626,283.42114620465713,63.978987788587936,69.18011412992847,21.011327959611418,-999,5,112,17,15,48,14,18,0.9991850256919861,20.450300216674805,0.03316299989819527,0.12968799471855164,15,20.31100082397461,20.72089958190918,20.546899795532227,0.03482300043106079,0.1396459937095642,15,20.42300033569336,0.04365900158882141,0.1585250049829483,15,115000,0.9989950060844421,19.49220085144043,0.007052000146359205,0.034348998218774796,14,19.405500411987305,19.556900024414062,19.599300384521484,0.017121000215411186,0.11140500009059906,14,19.511899948120117,0.014716999605298042,0.05902500078082085,14,115000,0.9994869828224182,19.1112003326416,0.004127999767661095,0.0369190014898777,42,19.03580093383789,19.22800064086914,19.21969985961914,0.012261999770998955,0.07588600367307663,38,19.12380027770996,0.009970000013709068,0.06772299855947495,42,115000,0.9988960027694702,18.938199996948242,0.013431999832391739,0.12608100473880768,11,18.59119987487793,19.005599975585938,19.059200286865234,0.017376000061631203,0.07635200023651123,11,18.945899963378906,0.012779000215232372,0.08413200080394745,11,115000,0.9995729923248291,18.849000930786133,0.022436000406742096,0.13213300704956055,16,18.712600708007812,19.235200881958008,19.091299057006836,0.0468129999935627,0.24056300520896912,16,19.016300201416016,0.07132700085639954,0.37321901321411133,16,115000
242.438298,38.580195,91,154292424383047064,242.43832051,38.58037693,0.6580045125082259,PSO J242.4383+38.5804,-999,-999,-999,3508372000110868,253055178223893,0,15301240733067,15429,1,2133,60,0.673729650372388,3508372,58919,3,268959744,32,-999.0,-999.0,-999.0,-999.0,0.26179999113082886,0.26179999113082886,55678.51483796,-999.0,-0.3617108853453423,-0.6930176291931485,0.6236118993814955,226.99154358779236,57.97527210361849,61.48752968497206,47.34708364902418,-999,0,1,1,0,0,0,0,0.6745250225067139,22.090499877929688,0.26136699318885803,-999.0,1,22.090499877929688,22.090499877929688,-999.0,-999.0,-999.0,0,22.481800079345703,0.26136699318885803,-999.0,1,4112,-999.0,-999.0,-999.0,-999.0,0,-999.0,-999.0,-999.0,-999.0,-999.0,0,-999.0,-999.0,-999.0,0,0,-999.0,-999.0,-999.0,-999.0,0,-999.0,-999.0,-999.0,-999.0,-999.0,0,-999.0,-999.0,-999.0,0,0,-999.0,-999.0,-999.0,-999.0,0,-999.0,-999.0,-999.0,-999.0,-999.0,0,-999.0,-999.0,-999.0,0,0,-999.0,-999.0,-999.0,-999.0,0,-999.0,-999.0,-999.0,-999.0,-999.0,0,-999.0,-999.0,-999.0,0,0
154.747192,21.236992,37,133481547471934694,154.74719094,21.23679222,0.7192167952016504,PSO J154.7472+21.2368,-999,-999,-999,3579063000013732,140277926868387,0,15603098121062,13348,1,1800,33,0.069135760952845,3579063,32661,3,268959744,32,-999.0,-999.0,-999.0,-999.0,0.20247000455856323,0.20247000455856323,56793.26929398,-999.0,-0.8430153625139011,0.39764238246616007,0.3622231829027402,148.88134261862922,10.02979162953635,214.13000595593772,54.87116344591313,-999,0,1,0,0,1,0,0,-999.0,-999.0,-999.0,-999.0,0,-999.0,-999.0,-999.0,-999.0,-999.0,0,-999.0,-999.0,-999.0,0,0,-999.0,-999.0,-999.0,-999.0,0,-999.0,-999.0,-999.0,-999.0,-999.0,0,-999.0,-999.0,-999.0,0,0,0.7344040274620056,21.060800552368164,0.20191599428653717,-999.0,1,21.060800552368164,21.060800552368164,-999.0,-999.0,-999.0,0,20.847200393676758,0.20191599428653717,-999.0,1,4112,-999.0,-999.0,-999.0,-999.0,0,-999.0,-999.0,-999.0,-999.0,-999.0,0,-999.0,-999.0,-999.0,0,0,-999.0,-999.0,-999.0,-999.0,0,-999.0,-999.0,-999.0,-999.0,-999.0,0,-999.0,-999.0,-999.0,0,0
162.898862,15.227423,44,126271628989183162,162.89890039,15.22721469,0.7616801967845287,PSO J162.8989+15.2272,-999,-999,-999,3581888000031232,140947941784063,0,15667631402351,12627,1,1630,86,0.499060888308157,3581888,32817,3,268959744,32,-999.0,-999.0,-999.0,-999.0,0.20794999599456787,0.20794999599456787,56083.24292824,-999.0,-0.9222314445169131,0.28373481257161964,0.2626475183191261,158.41828861531405,7.360457076000805,229.9433295265989,59.74037213611351,-999,0,1,0,0,0,0,1,-999.0,-999.0,-999.0,-999.0,0,-999.0,-999.0,-999.0,-999.0,-999.0,0,-999.0,-999.0,-999.0,0,0,-999.0,-999.0,-999.0,-999.0,0,-999.0,-999.0,-999.0,-999.0,-999.0,0,-999.0,-999.0,-999.0,0,0,-999.0,-999.0,-999.0,-999.0,0,-999.0,-999.0,-999.0,-999.0,-999.0,0,-999.0,-999.0,-999.0,0,0,-999.0,-999.0,-999.0,-999.0,0,-999.0,-999.0,-999.0,-999.0,-999.0,0,-999.0,-999.0,-999.0,0,0,0.6552280187606812,19.047800064086914,0.2074050009250641,-999.0,1,19.047800064086914,19.047800064086914,-999.0,-999.0,-999.0,0,19.861400604248047,0.2074050009250641,-999.0,1,4120
153.86302,25.662203,36,138791538629564952,153.86294844,25.66198431,0.820813981544039,PSO J153.8629+25.6620,-999,-999,-999,3618081000050694,178073639110150,0,16389682281432,13879,1,1883,44,0.472105512835184,3618081,41461,3,310456320,37,-999.0,-999.0,-999.0,-999.0,0.17779000103473663,0.17779000103473663,55941.6012037,-999.0,-0.8091936224438957,0.39706893981607316,0.43306112551170617,146.45217501513304,13.850001160765478,206.29575276615748,55.177876420367475,-999,0,1,0,0,1,0,0,-999.0,-999.0,-999.0,-999.0,0,-999.0,-999.0,-999.0,-999.0,-999.0,0,-999.0,-999.0,-999.0,0,0,-999.0,-999.0,-999.0,-999.0,0,-999.0,-999.0,-999.0,-999.0,-999.0,0,-999.0,-999.0,-999.0,0,0,0.9994249939918518,21.4552001953125,0.17715799808502197,-999.0,1,21.4552001953125,21.4552001953125,20.76409912109375,0.1789339929819107,-999.0,1,20.661300659179688,0.17715799808502197,-999.0,1,16777496,-999.0,-999.0,-999.0,-999.0,0,-999.0,-999.0,-999.0,-999.0,-999.0,0,-999.0,-999.0,-999.0,0,0,-999.0,-999.0,-999.0,-999.0,0,-999.0,-999.0,-999.0,-999.0,-999.0,0,-999.0,-999.0,-999.0,0,0
3.471031,3.389028,1,112060034712217087,3.47121035,3.38886984,0.8600052974463567,PSO J003.4712+03.3889,-999,-999,-999,3483000000088835,42975442852640,0,17058752264338,11206,1,1323,86,0.432302274212523,3483000,10006,3,268959744,32,-999.0,-999.0,-999.0,-999.0,0.3202199935913086,0.3202199935913086,55859.27887731,-999.0,0.9964198857553125,0.06044111815755139,0.059112456447308996,4.531274476995952,1.7301670383205814,104.94980053656627,-58.16573782790232,-999,0,1,0,1,0,0,0,-999.0,-999.0,-999.0,-999.0,0,-999.0,-999.0,-999.0,-999.0,-999.0,0,-999.0,-999.0,-999.0,0,0,0.581496000289917,22.52750015258789,0.31986701488494873,-999.0,1,22.52750015258789,22.52750015258789,-999.0,-999.0,-999.0,0,22.69059944152832,0.31986701488494873,-999.0,1,4120,-999.0,-999.0,-999.0,-999.0,0,-999.0,-999.0,-999.0,-999.0,-999.0,0,-999.0,-999.0,-999.0,0,0,-999.0,-999.0,-999.0,-999.0,0,-999.0,-999.0,-999.0,-999.0,-999.0,0,-999.0,-999.0,-999.0,0,0,-999.0,-999.0,-999.0,-999.0,0,-999.0,-999.0,-999.0,-999.0,-999.0,0,-999.0,-999.0,-999.0,0,0
120.460128,24.6009,19,137521204598881465,120.45992144,24.60075151,0.861913161070695,PSO J120.4599+24.6008,-999,-999,-999,3601631000005982,175247550584669,0,16458621245548,13752,1,1875,10,0.74810606310899,3601631,40803,3,268959744,32,-999.0,-999.0,-999.0,-999.0,0.20369000732898712,0.20369000732898712,56938.62967593,-999.0,-0.4609213179823201,0.7837422481401459,0.41629271805986573,117.52016776476363,4.02468997693503,197.1386941313041,25.753973504823268,-999,0,2,0,0,2,0,0,-999.0,-999.0,-999.0,-999.0,0,-999.0,-999.0,-999.0,-999.0,-999.0,0,-999.0,-999.0,-999.0,0,0,-999.0,-999.0,-999.0,-999.0,0,-999.0,-999.0,-999.0,-999.0,-999.0,0,-999.0,-999.0,-999.0,0,0,0.6722090244293213,20.666000366210938,0.04137500002980232,0.031502000987529755,2,20.647300720214844,20.691299438476562,-999.0,-999.0,-999.0,0,22.645200729370117,0.20097100734710693,0.2878569960594177,2,4112,-999.0,-999.0,-999.0,-999.0,0,-999.0,-999.0,-999.0,-999.0,-999.0,0,-999.0,-999.0,-999.0,0,0,-999.0,-999.0,-999.0,-999.0,0,-999.0,-999.0,-999.0,-999.0,-999.0,0,-999.0,-999.0,-999.0,0,0
197.068714,18.780217,70,130531970690536717,197.06901328,18.78016062,1.040044648880118,PSO J197.0690+18.7802,-999,-999,-999,3483625000049278,142438295453821,0,15112903996202,13053,1,1725,64,0.864360348195173,3483625,33164,3,302067712,36,-999.0,-999.0,-999.0,-999.0,0.26269999146461487,0.26269999146461487,56019.36180556,-999.0,-0.9050577759448257,-0.2778964182211946,0.32193788677575147,187.98186354256643,23.94835828821588,328.69099971377966,80.79817106513525,-999,0,1,0,0,1,0,0,-999.0,-999.0,-999.0,-999.0,0,-999.0,-999.0,-999.0,-999.0,-999.0,0,-999.0,-999.0,-999.0,0,0,-999.0,-999.0,-999.0,-999.0,0,-999.0,-999.0,-999.0,-999.0,-999.0,0,-999.0,-999.0,-999.0,0,0,0.8758280277252197,22.08300018310547,0.262270987033844,-999.0,1,22.08300018310547,22.08300018310547,-999.0,-999.0,-999.0,0,22.979900360107422,0.262270987033844,-999.0,1,280,-999.0,-999.0,-999.0,-999.0,0,-999.0,-999.0,-999.0,-999.0,-999.0,0,-999.0,-999.0,-999.0,0,0,-999.0,-999.0,-999.0,-999.0,0,-999.0,-999.0,-999.0,-999.0,-999.0,0,-999.0,-999.0,-999.0,0,0
277.742217,40.900045,97,157082777422990251,277.74229611,40.89969501,1.2782206665295581,PSO J277.7423+40.8997,-999,-999,-999,3532231000036190,256723080219999,0,14019913539235,15708,1,2209,20,0.0562327616440437,3532231,59773,3,268959744,32,-999.0,-999.0,-999.0,-999.0,0.2502000033855438,0.2502000033855438,55388.44998843,-999.0,0.10182730964259326,-0.7489665777038478,0.6547367902398167,283.42125467723275,63.97870497808203,69.17986198394385,21.011164123719716,-999,0,1,1,0,0,0,0,0.8085319995880127,22.080299377441406,0.24974699318408966,-999.0,1,22.080299377441406,22.080299377441406,22.10099983215332,0.2999129891395569,-999.0,1,22.274900436401367,0.24974699318408966,-999.0,1,4120,-999.0,-999.0,-999.0,-999.0,0,-999.0,-999.0,-999.0,-999.0,-999.0,0,-999.0,-999.0,-999.0,0,0,-999.0,-999.0,-999.0,-999.0,0,-999.0,-999.0,-999.0,-999.0,-999.0,0,-999.0,-999.0,-999.0,0,0,-999.0,-999.0,-999.0,-999.0,0,-999.0,-999.0,-999.0,-999.0,-999.0,0,-999.0,-999.0,-999.0,0,0,-999.0,-999.0,-999.0,-999.0,0,-999.0,-999.0,-999.0,-999.0,-999.0,0,-999.0,-999.0,-999.0,0,0
187.406573,61.299989,60,181561874060020420,187.40599064,61.29975666,1.308905140866693,PSO J187.4060+61.2998,-999,-999,-999,3808110000018637,328530638424269,0,14685094349566,18156,1,2477,30,0.884708002102289,3808110,76492,3,268959744,32,-999.0,-999.0,-999.0,-999.0,0.25044000148773193,0.25044000148773193,56420.34653935,-999.0,-0.47622101865861466,-0.06190094393710106,0.8771441241480485,148.47496711393558,56.03579704348851,127.56923902315818,55.631651539586706,-999,0,1,1,0,0,0,0,0.6536239981651306,22.16990089416504,0.24999099969863892,-999.0,1,22.16990089416504,22.16990089416504,21.751800537109375,0.24319399893283844,-999.0,1,22.004499435424805,0.24999099969863892,-999.0,1,4120,-999.0,-999.0,-999.0,-999.0,0,-999.0,-999.0,-999.0,-999.0,-999.0,0,-999.0,-999.0,-999.0,0,0,-999.0,-999.0,-999.0,-999.0,0,-999.0,-999.0,-999.0,-999.0,-999.0,0,-999.0,-999.0,-999.0,0,0,-999.0,-999.0,-999.0,-999.0,0,-999.0,-999.0,-999.0,-999.0,-999.0,0,-999.0,-999.0,-999.0,0,0,-999.0,-999.0,-999.0,-999.0,0,-999.0,-999.0,-999.0,-999.0,-999.0,0,-999.0,-999.0,-999.0,0,0
177.382078,16.121484,55,127341773817986612,177.3818008,16.12175299,1.3626404461251769,PSO J177.3818+16.1218,-999,-999,-999,3585280000204458,141656611565389,0,15424659017657,12734,1,1720,1,0.613924635214661,3585280,32982,3,1343750144,160,177.3818008,16.12175299,0.0010000000474974513,0.0010000000474974513,0.0010000000474974513,0.0010000000474974513,56178.65271991,-999.0,-0.959670961963379,0.043883862369686555,0.2776794039675991,171.07455223370982,13.727821167629202,247.25503117712566,71.91535309644982,-999,1,0,0,0,0,0,0,-999.0,-999.0,-999.0,-999.0,0,-999.0,-999.0,-999.0,-999.0,-999.0,0,-999.0,-999.0,-999.0,0,16416,-999.0,-999.0,-999.0,-999.0,0,-999.0,-999.0,-999.0,-999.0,-999.0,0,-999.0,-999.0,-999.0,0,16416,-999.0,-999.0,-999.0,-999.0,0,-999.0,-999.0,-999.0,-999.0,-999.0,0,-999.0,-999.0,-999.0,0,114720,-999.0,-999.0,-999.0,-999.0,0,-999.0,-999.0,-999.0,-999.0,-999.0,0,-999.0,-999.0,-999.0,0,16416,-999.0,-999.0,-999.0,-999.0,0,-999.0,-999.0,-999.0,-999.0,-999.0,0,-999.0,-999.0,-999.0,0,16416
162.005081,12.534948,38,123041620055042295,162.00544724128508,12.534768741308213,1.4397670197431318,PSO J162.0054+12.5348,-999,-999,-999,3585006000079885,100820062386189,0,15664867679597,12304,1,1630,18,0.0635587834413711,3585006,23474,3,436527104,52,162.00546547,12.53481578,0.0010000000474974513,0.0010000000474974513,0.033058059717267614,0.033058059717267614,56302.97292849363,1.6130417568243942,-0.9284162694401998,0.30156315003244827,0.2170320187927333,158.6445891104375,4.54074697933466,233.6112169005408,57.64900533706773,-999,9,9,0,1,5,3,0,-999.0,-999.0,-999.0,-999.0,0,-999.0,-999.0,-999.0,-999.0,-999.0,0,-999.0,-999.0,-999.0,0,16416,0.9983980059623718,22.348400115966797,0.21372799575328827,-999.0,1,22.348400115966797,22.348400115966797,-999.0,-999.0,-999.0,0,-999.0,-999.0,-999.0,0,115000,0.9991170167922974,21.642000198364258,0.03414599969983101,0.14063000679016113,4,21.42169952392578,21.73240089416504,21.97719955444336,0.25670599937438965,0.4717339873313904,3,21.978500366210938,0.13476000726222992,0.3670479953289032,3,115000,0.9991289973258972,21.23870086669922,0.08677099645137787,0.2101610004901886,3,21.152799606323242,21.51919937133789,21.615299224853516,0.2902419865131378,0.5142430067062378,3,21.795000076293945,0.07855100184679031,0.22553500533103943,3,115000,-999.0,-999.0,-999.0,-999.0,0,-999.0,-999.0,-999.0,-999.0,-999.0,0,-999.0,-999.0,-999.0,0,114720
201.150228,31.479036999999998,80,145772011504815016,201.15048368,31.47870147,1.4405722085258588,PSO J201.1505+31.4787,-999,-999,-999,3489685000099431,217123481816678,0,15145223669160,14577,1,1974,83,0.0173556972456683,3489685,50553,3,1343750144,160,201.15048368,31.47870147,0.0010000000474974513,0.0010000000474974513,0.0010000000474974513,0.0010000000474974513,56069.94428241,-999.0,-0.7953839820779058,-0.3077185752377384,0.522181577142999,185.35918990023293,36.97709094342425,65.95071399216818,81.56615461740317,-999,1,0,0,0,0,0,0,-999.0,-999.0,-999.0,-999.0,0,-999.0,-999.0,-999.0,-999.0,-999.0,0,-999.0,-999.0,-999.0,0,114720,-999.0,-999.0,-999.0,-999.0,0,-999.0,-999.0,-999.0,-999.0,-999.0,0,-999.0,-999.0,-999.0,0,16416,-999.0,-999.0,-999.0,-999.0,0,-999.0,-999.0,-999.0,-999.0,-999.0,0,-999.0,-999.0,-999.0,0,16416,-999.0,-999.0,-999.0,-999.0,0,-999.0,-999.0,-999.0,-999.0,-999.0,0,-999.0,-999.0,-999.0,0,16416,-999.0,-999.0,-999.0,-999.0,0,-999.0,-999.0,-999.0,-999.0,-999.0,0,-999.0,-999.0,-999.0,0,16416
260.145242,44.00315,95,160802601457574301,260.14578215,44.00302509,1.4692189711713601,PSO J260.1458+44.0030,-999,-999,-999,3543424000018093,254627136161452,0,15271983735782,16080,1,2271,2,0.267436499025148,3543424,59285,3,302067712,36,-999.0,-999.0,-999.0,-999.0,0.24872000515460968,0.24872000515460968,56793.55112269,-999.0,-0.12310289924913523,-0.7086908062285217,0.6946963490357677,251.7753209451958,66.819950107462,69.46805835019191,34.32992319771147,-999,0,1,0,0,1,0,0,-999.0,-999.0,-999.0,-999.0,0,-999.0,-999.0,-999.0,-999.0,-999.0,0,-999.0,-999.0,-999.0,0,0,-999.0,-999.0,-999.0,-999.0,0,-999.0,-999.0,-999.0,-999.0,-999.0,0,-999.0,-999.0,-999.0,0,0,0.8741580247879028,21.79680061340332,0.24827000498771667,-999.0,1,21.79680061340332,21.79680061340332,-999.0,-999.0,-999.0,1,22.86549949645996,0.24827000498771667,-999.0,1,280,-999.0,-999.0,-999.0,-999.0,0,-999.0,-999.0,-999.0,-999.0,-999.0,0,-999.0,-999.0,-999.0,0,0,-999.0,-999.0,-999.0,-999.0,0,-999.0,-999.0,-999.0,-999.0,-999.0,0,-999.0,-999.0,-999.0,0,0
9.355856,27.209589,4,140650093553942231,9.35540047,27.20972713,1.5408786744678025,PSO J009.3554+27.2097,-999,-999,-999,3487268000043383,162169375205751,0,17234045362486,14065,1,1850,83,0.8207958096832,3487268,37758,3,268959744,32,-999.0,-999.0,-999.0,-999.0,0.27233999967575073,0.27233999967575073,55561.32835648,-999.0,0.8775096612956313,0.14456909129520376,0.45724891708445337,19.71902530510818,21.223774309325265,119.10084308436953,-35.5577368449709,-999,0,1,0,0,0,0,1,-999.0,-999.0,-999.0,-999.0,0,-999.0,-999.0,-999.0,-999.0,-999.0,0,-999.0,-999.0,-999.0,0,0,-999.0,-999.0,-999.0,-999.0,0,-999.0,-999.0,-999.0,-999.0,-999.0,0,-999.0,-999.0,-999.0,0,0,-999.0,-999.0,-999.0,-999.0,0,-999.0,-999.0,-999.0,-999.0,-999.0,0,-999.0,-999.0,-999.0,0,0,-999.0,-999.0,-999.0,-999.0,0,-999.0,-999.0,-999.0,-999.0,-999.0,0,-999.0,-999.0,-999.0,0,0,0.7540429830551147,19.8927001953125,0.271930992603302,-999.0,1,19.8927001953125,19.8927001953125,-999.0,-999.0,-999.0,0,-999.0,-999.0,-999.0,0,4120
187.620025,20.716934,61,132861876205150867,187.62053676,20.71692006,1.723940331750971,PSO J187.6205+20.7169,-999,-999,-999,3488439000144185,141888539739239,0,15081518251896,13286,1,1808,17,0.690778284976984,3488439,33036,3,310456320,37,-999.0,-999.0,-999.0,-999.0,0.19044999778270721,0.19044999778270721,55936.58377315,-999.0,-0.9270787524923536,-0.1240369444176547,0.3537510750467807,178.337211973068,21.956300964374847,265.0763707318615,82.00013079405225,-999,0,1,0,0,0,0,1,-999.0,-999.0,-999.0,-999.0,0,-999.0,-999.0,-999.0,-999.0,-999.0,0,-999.0,-999.0,-999.0,0,0,-999.0,-999.0,-999.0,-999.0,0,-999.0,-999.0,-999.0,-999.0,-999.0,0,-999.0,-999.0,-999.0,0,0,-999.0,-999.0,-999.0,-999.0,0,-999.0,-999.0,-999.0,-999.0,-999.0,0,-999.0,-999.0,-999.0,0,0,-999.0,-999.0,-999.0,-999.0,0,-999.0,-999.0,-999.0,-999.0,-999.0,0,-999.0,-999.0,-999.0,0,0,0.9674720168113708,19.497499465942383,0.189860999584198,-999.0,1,19.497499465942383,19.497499465942383,18.639699935913086,0.19923600554466248,-999.0,1,18.844200134277344,0.189860999584198,-999.0,1,16777488
190.59262,34.346248,65,149211905930346553,190.59301656,34.34662811,1.8060559973558359,PSO J190.5930+34.3466,-999,-999,-999,3483349000105377,216474941758370,0,15038551295895,14921,1,2049,52,0.874235446447726,3483349,50402,3,268959744,32,-999.0,-999.0,-999.0,-999.0,0.21333999931812286,0.21333999931812286,55241.56962963,-999.0,-0.8115686726296244,-0.15177856948837876,0.5641981526469675,174.0089578243404,35.311100496571086,137.46589076879954,82.5240752123922,-999,0,1,1,0,0,0,0,0.494610995054245,21.986499786376953,0.21280799806118011,-999.0,1,21.986499786376953,21.986499786376953,-999.0,-999.0,-999.0,0,22.71780014038086,0.21280799806118011,-999.0,1,4120,-999.0,-999.0,-999.0,-999.0,0,-999.0,-999.0,-999.0,-999.0,-999.0,0,-999.0,-999.0,-999.0,0,0,-999.0,-999.0,-999.0,-999.0,0,-999.0,-999.0,-999.0,-999.0,-999.0,0,-999.0,-999.0,-999.0,0,0,-999.0,-999.0,-999.0,-999.0,0,-999.0,-999.0,-999.0,-999.0,-999.0,0,-999.0,-999.0,-999.0,0,0,-999.0,-999.0,-999.0,-999.0,0,-999.0,-999.0,-999.0,-999.0,-999.0,0,-999.0,-999.0,-999.0,0,0
226.116437,62.390059,84,182862261152768794,226.11526781,62.39003249,1.9530331062874686,PSO J226.1153+62.3900,-999,-999,-999,3812605000087493,329986632409647,0,14788481673294,18286,1,2482,62,0.358762403352896,3812605,76831,3,310456320,37,-999.0,-999.0,-999.0,-999.0,0.15389999747276306,0.15389999747276306,56085.31987269,-999.0,-0.32126821664242305,-0.33402517620254846,0.8861229681247708,171.84859238487547,71.06185736193373,100.37763688830009,48.501560397181116,-999,0,1,0,1,0,0,0,-999.0,-999.0,-999.0,-999.0,0,-999.0,-999.0,-999.0,-999.0,-999.0,0,-999.0,-999.0,-999.0,0,0,0.03284500166773796,21.1471004486084,0.1531669944524765,-999.0,1,21.1471004486084,21.1471004486084,19.8705997467041,0.12197200208902359,-999.0,1,20.048500061035156,0.1531669944524765,-999.0,1,16777752,-999.0,-999.0,-999.0,-999.0,0,-999.0,-999.0,-999.0,-999.0,-999.0,0,-999.0,-999.0,-999.0,0,0,-999.0,-999.0,-999.0,-999.0,0,-999.0,-999.0,-999.0,-999.0,-999.0,0,-999.0,-999.0,-999.0,0,0,-999.0,-999.0,-999.0,-999.0,0,-999.0,-999.0,-999.0,-999.0,-999.0,0,-999.0,-999.0,-999.0,0,0
33.533339,-15.613295,7,89260335335225086,33.5335566606118,-15.612760489663561,2.0669321469854545,PSO J033.5336-15.6128,-999,-999,-999,3494646000123456,443987949380162,0,8974640841334,8926,1,974,3,0.487471436604365,3494646,103374,3,503635968,60,33.53351415,-15.61272017,0.0010000000474974513,0.0010000000474974513,0.003381281985744232,0.003325601115028979,56008.35217791336,3.647843647618643,0.8028061802188431,0.5320422478891065,-0.2691343223439499,25.39320931367747,-27.294246429509318,186.18650624065003,-67.61919125738108,-999,10,51,4,9,20,5,13,0.9987409710884094,22.019800186157227,0.11554700136184692,0.24985100328922272,4,21.718599319458008,22.26259994506836,-999.0,-999.0,-999.0,3,22.367700576782227,0.1250779926776886,0.17902399599552155,4,115000,0.9990329742431641,20.881999969482422,0.04140999913215637,0.13682900369167328,7,20.719600677490234,21.08650016784668,21.0408992767334,0.08177000284194946,0.23680399358272552,7,20.9375,0.07280799746513367,0.20554900169372559,7,115000,0.9993680119514465,19.330699920654297,0.016005000099539757,0.10235799849033356,15,19.25819969177246,19.661300659179688,19.43829917907715,0.02815599925816059,0.16915400326251984,15,19.336200714111328,0.023287000134587288,0.16443000733852386,15,115000,0.9996240139007568,18.582700729370117,0.003765000030398369,0.017534000799059868,5,18.57740020751953,18.614700317382812,18.707399368286133,0.02283499948680401,0.05831800028681755,5,18.613300323486328,0.01969899982213974,0.06722799688577652,5,115000,0.9993159770965576,18.241600036621094,0.025366999208927155,0.08848299831151962,13,18.082300186157227,18.381999969482422,18.330699920654297,0.046925000846385956,0.14955399930477142,13,18.215200424194336,0.06047999858856201,0.18558600544929504,13,115000
52.895373,5.412787,14,114490528947995882,52.89479371,5.41285031,2.0886174351070914,PSO J052.8948+05.4129,-999,-999,-999,3509053000063318,47077136594775,0,16643482687134,11449,1,1425,34,0.312831355550169,3509053,10961,3,268959744,32,-999.0,-999.0,-999.0,-999.0,0.2255599945783615,0.2255599945783615,56909.64054398,-999.0,0.6005903308785984,0.7939727983299594,0.09433159580559164,51.90063606352889,-13.254491483897352,178.95830625976677,-39.44709634424191,-999,0,1,0,0,0,0,1,-999.0,-999.0,-999.0,-999.0,0,-999.0,-999.0,-999.0,-999.0,-999.0,0,-999.0,-999.0,-999.0,0,0,-999.0,-999.0,-999.0,-999.0,0,-999.0,-999.0,-999.0,-999.0,-999.0,0,-999.0,-999.0,-999.0,0,0,-999.0,-999.0,-999.0,-999.0,0,-999.0,-999.0,-999.0,-999.0,-999.0,0,-999.0,-999.0,-999.0,0,0,-999.0,-999.0,-999.0,-999.0,0,-999.0,-999.0,-999.0,-999.0,-999.0,0,-999.0,-999.0,-999.0,0,0,0.7483130097389221,19.849700927734375,0.2250629961490631,-999.0,1,19.849700927734375,19.849700927734375,-999.0,-999.0,-999.0,0,21.958599090576172,0.2250629961490631,-999.0,1,4112
179.092006,67.076764,57,188491790915462393,179.09119229,67.07624754,2.1814419011211097,PSO J179.0912+67.0762,-999,-999,-999,3822874000025691,328195630982235,0,15822701485353,18849,1,2518,71,0.422636014802974,3822874,76414,3,310456320,37,-999.0,-999.0,-999.0,-999.0,0.1723800003528595,0.1723800003528595,56335.60163194,-999.0,-0.38945680459359777,0.006177959978730983,0.9210240117207832,136.31096167199243,57.41203613954593,131.08321508260758,49.17122475900048,-999,0,1,1,0,0,0,0,0.9988300204277039,21.96579933166504,0.17172899842262268,-999.0,1,21.96579933166504,21.96579933166504,20.914499282836914,0.15073400735855103,-999.0,1,21.239099502563477,0.17172899842262268,-999.0,1,16777496,-999.0,-999.0,-999.0,-999.0,0,-999.0,-999.0,-999.0,-999.0,-999.0,0,-999.0,-999.0,-999.0,0,0,-999.0,-999.0,-999.0,-999.0,0,-999.0,-999.0,-999.0,-999.0,-999.0,0,-999.0,-999.0,-999.0,0,0,-999.0,-999.0,-999.0,-999.0,0,-999.0,-999.0,-999.0,-999.0,-999.0,0,-999.0,-999.0,-999.0,0,0,-999.0,-999.0,-999.0,-999.0,0,-999.0,-999.0,-999.0,-999.0,-999.0,0,-999.0,-999.0,-999.0,0,0
10.3451,2.6679199999999996,5,111200103455071404,10.34550753,2.66746649,2.1939105494531557,PSO J010.3455+02.6675,-999,-999,-999,3487735000137625,43572443357236,0,17102958995069,11120,1,1325,69,0.593282673129144,3487735,10145,3,1343750144,160,10.34550753,2.66746649,0.0010000000474974513,0.0010000000474974513,0.0010000000474974513,0.0010000000474974513,55809.11236111,-999.0,0.9826767899971156,0.17938902974695745,0.0465392566271749,10.554673931391118,-1.6422029837154073,117.8884055737442,-60.10577138118388,-999,1,0,0,0,0,0,0,-999.0,-999.0,-999.0,-999.0,0,-999.0,-999.0,-999.0,-999.0,-999.0,0,-999.0,-999.0,-999.0,0,114720,-999.0,-999.0,-999.0,-999.0,0,-999.0,-999.0,-999.0,-999.0,-999.0,0,-999.0,-999.0,-999.0,0,16416,-999.0,-999.0,-999.0,-999.0,0,-999.0,-999.0,-999.0,-999.0,-999.0,0,-999.0,-999.0,-999.0,0,16416,-999.0,-999.0,-999.0,-999.0,0,-999.0,-999.0,-999.0,-999.0,-999.0,0,-999.0,-999.0,-999.0,0,16416,-999.0,-999.0,-999.0,-999.0,0,-999.0,-999.0,-999.0,-999.0,-999.0,0,-999.0,-999.0,-999.0,0,16416
226.116437,62.390059,84,182862261177458851,226.11775536,62.39009868,2.2042093644925265,PSO J226.1178+62.3901,-999,-999,-999,3812605000025603,329986632344578,0,14788481673692,18286,1,2482,62,0.201737941430638,3812605,76831,3,268959744,32,-999.0,-999.0,-999.0,-999.0,0.35569000244140625,0.35569000244140625,56815.42556713,-999.0,-0.3212530047309582,-0.33403838621554144,0.8861235035173414,171.85029252341658,71.06287176518929,100.37653371052969,48.50066645394047,-999,0,1,0,1,0,0,0,-999.0,-999.0,-999.0,-999.0,0,-999.0,-999.0,-999.0,-999.0,-999.0,0,-999.0,-999.0,-999.0,0,0,0.5223640203475952,21.629600524902344,0.3553769886493683,-999.0,1,21.629600524902344,21.629600524902344,-999.0,-999.0,-999.0,0,24.084699630737305,0.3553769886493683,-999.0,1,4120,-999.0,-999.0,-999.0,-999.0,0,-999.0,-999.0,-999.0,-999.0,-999.0,0,-999.0,-999.0,-999.0,0,0,-999.0,-999.0,-999.0,-999.0,0,-999.0,-999.0,-999.0,-999.0,-999.0,0,-999.0,-999.0,-999.0,0,0,-999.0,-999.0,-999.0,-999.0,0,-999.0,-999.0,-999.0,-999.0,-999.0,0,-999.0,-999.0,-999.0,0,0
127.436362,61.493006,22,181791274376152195,127.43763444,61.49290514,2.2162027548011145,PSO J127.4376+61.4929,-999,-999,-999,3818960000025595,326460464194554,0,15886149270082,18179,1,2470,35,0.932607421588718,3818960,76010,3,268959744,32,-999.0,-999.0,-999.0,-999.0,0.22745999693870544,0.22745999693870544,56317.49491898,-999.0,-0.2901297758819302,0.3789578544479894,0.8787580199912132,112.59286025862947,40.957872609679086,155.0441712642288,35.265956479651535,-999,0,1,0,1,0,0,0,-999.0,-999.0,-999.0,-999.0,0,-999.0,-999.0,-999.0,-999.0,-999.0,0,-999.0,-999.0,-999.0,0,0,0.6199100017547607,21.002399444580078,0.22696499526500702,-999.0,1,21.002399444580078,21.002399444580078,-999.0,-999.0,-999.0,0,21.59280014038086,0.22696499526500702,-999.0,1,4112,-999.0,-999.0,-999.0,-999.0,0,-999.0,-999.0,-999.0,-999.0,-999.0,0,-999.0,-999.0,-999.0,0,0,-999.0,-999.0,-999.0,-999.0,0,-999.0,-999.0,-999.0,-999.0,-999.0,0,-999.0,-999.0,-999.0,0,0,-999.0,-999.0,-999.0,-999.0,0,-999.0,-999.0,-999.0,-999.0,-999.0,0,-999.0,-999.0,-999.0,0,0
172.824937,10.223714,51,120261728255548697,172.8255489,10.22351794,2.2798711900732576,PSO J172.8255+10.2235,-999,-999,-999,3587394000052043,101580271569738,0,15446999994874,12026,1,1544,57,0.574048102436632,3587394,23651,3,268959744,32,-999.0,-999.0,-999.0,-999.0,0.2692199945449829,0.2692199945449829,55999.38196759,-999.0,-0.9764176386058186,0.12290791297344318,0.17748870371927766,169.36399432446433,6.543224497010699,250.9558706665813,64.66098528556931,-999,0,1,0,1,0,0,0,-999.0,-999.0,-999.0,-999.0,0,-999.0,-999.0,-999.0,-999.0,-999.0,0,-999.0,-999.0,-999.0,0,0,0.49656400084495544,22.1924991607666,0.26880499720573425,-999.0,1,22.1924991607666,22.1924991607666,-999.0,-999.0,-999.0,0,21.90850067138672,0.26880499720573425,-999.0,1,4112,-999.0,-999.0,-999.0,-999.0,0,-999.0,-999.0,-999.0,-999.0,-999.0,0,-999.0,-999.0,-999.0,0,0,-999.0,-999.0,-999.0,-999.0,0,-999.0,-999.0,-999.0,-999.0,-999.0,0,-999.0,-999.0,-999.0,0,0,-999.0,-999.0,-999.0,-999.0,0,-999.0,-999.0,-999.0,-999.0,-999.0,0,-999.0,-999.0,-999.0,0,0
179.092006,67.076764,57,188491790920363752,179.09184451,67.07739565,2.2851863777450867,PSO J179.0918+67.0774,-999,-999,-999,3822874000025716,328195630982260,0,15822701482585,18849,1,2518,71,0.704417289890738,3822874,76414,3,268959744,32,-999.0,-999.0,-999.0,-999.0,0.19763000309467316,0.19763000309467316,56073.56260417,-999.0,-0.3894384213794176,0.00617323412270977,0.9210318165698584,136.30970552722712,57.412997899031424,131.082278597125,49.17022086483869,-999,0,2,1,0,1,0,0,0.48694199323654175,20.82430076599121,0.26888900995254517,-999.0,1,20.82430076599121,20.82430076599121,-999.0,-999.0,-999.0,0,21.840599060058594,0.26888900995254517,-999.0,1,4112,-999.0,-999.0,-999.0,-999.0,0,-999.0,-999.0,-999.0,-999.0,-999.0,0,-999.0,-999.0,-999.0,0,0,0.7678769826889038,21.958499908447266,0.2905310094356537,-999.0,1,21.958499908447266,21.958499908447266,-999.0,-999.0,-999.0,0,23.271900177001953,0.2905310094356537,-999.0,1,4120,-999.0,-999.0,-999.0,-999.0,0,-999.0,-999.0,-999.0,-999.0,-999.0,0,-999.0,-999.0,-999.0,0,0,-999.0,-999.0,-999.0,-999.0,0,-999.0,-999.0,-999.0,-999.0,-999.0,0,-999.0,-999.0,-999.0,0,0
187.620025,20.716934,61,132861876197491548,187.61973484,20.71750952,2.290686329053249,PSO J187.6197+20.7175,-999,-999,-999,3488439000065153,141888539655809,0,15081518251964,13286,1,1808,17,0.222066005898701,3488439,33036,3,277348352,33,-999.0,-999.0,-999.0,-999.0,0.12701000273227692,0.12701000273227692,55248.59793981,-999.0,-0.9270768811302476,-0.12402348629484698,0.3537606978185742,178.33620978451717,21.956515661660593,265.06952221305977,82.0001712941872,-999,0,1,0,1,0,0,0,-999.0,-999.0,-999.0,-999.0,0,-999.0,-999.0,-999.0,-999.0,-999.0,0,-999.0,-999.0,-999.0,0,0,0.8185949921607971,21.435400009155273,0.126118004322052,-999.0,1,21.435400009155273,21.435400009155273,20.695600509643555,0.08028300106525421,-999.0,1,20.60420036315918,0.126118004322052,-999.0,1,16781336,-999.0,-999.0,-999.0,-999.0,0,-999.0,-999.0,-999.0,-999.0,-999.0,0,-999.0,-999.0,-999.0,0,0,-999.0,-999.0,-999.0,-999.0,0,-999.0,-999.0,-999.0,-999.0,-999.0,0,-999.0,-999.0,-999.0,0,0,-999.0,-999.0,-999.0,-999.0,0,-999.0,-999.0,-999.0,-999.0,-999.0,0,-999.0,-999.0,-999.0,0,0
189.349539,5.441498,64,114531893491700877,189.34915847,5.44200949,2.2913733376173786,PSO J189.3492+05.4420,-999,-999,-999,3603325000103063,62410169881240,0,14905103773372,11453,1,1459,36,0.30453882674178,3603325,14531,3,277348352,33,-999.0,-999.0,-999.0,-999.0,0.14202000200748444,0.14202000200748444,55234.63895833,-999.0,-0.982269269098531,-0.1617182476363014,0.09483823789000839,186.42707042577635,8.704601480045536,293.5441497839731,68.05745667375076,-999,0,1,0,0,0,0,1,-999.0,-999.0,-999.0,-999.0,0,-999.0,-999.0,-999.0,-999.0,-999.0,0,-999.0,-999.0,-999.0,0,0,-999.0,-999.0,-999.0,-999.0,0,-999.0,-999.0,-999.0,-999.0,-999.0,0,-999.0,-999.0,-999.0,0,0,-999.0,-999.0,-999.0,-999.0,0,-999.0,-999.0,-999.0,-999.0,-999.0,0,-999.0,-999.0,-999.0,0,0,-999.0,-999.0,-999.0,-999.0,0,-999.0,-999.0,-999.0,-999.0,-999.0,0,-999.0,-999.0,-999.0,0,0,0.5722640156745911,19.194599151611328,0.14122599363327026,-999.0,1,19.194599151611328,19.194599151611328,-999.0,-999.0,-999.0,0,18.27280044555664,0.14122599363327026,-999.0,1,16781336
33.533339,-15.613295,7,89260335333533615,33.53336041,-15.61396044,2.396733831520761,PSO J033.5334-15.6140,-999,-999,-999,3494646000123427,443987949380133,0,8974640841633,8926,1,974,3,0.0175965400576559,3494646,103374,3,268959744,32,-999.0,-999.0,-999.0,-999.0,0.24964000284671783,0.24964000284671783,55880.38043981,-999.0,0.8028033040118813,0.5320363842515428,-0.26915449262487073,25.39250392151984,-27.295279332035282,186.1887991461985,-67.62002650959404,-999,0,1,0,0,1,0,0,-999.0,-999.0,-999.0,-999.0,0,-999.0,-999.0,-999.0,-999.0,-999.0,0,-999.0,-999.0,-999.0,0,0,-999.0,-999.0,-999.0,-999.0,0,-999.0,-999.0,-999.0,-999.0,-999.0,0,-999.0,-999.0,-999.0,0,0,0.7082930207252502,21.370800018310547,0.24919399619102478,-999.0,1,21.370800018310547,21.370800018310547,-999.0,-999.0,-999.0,0,22.14739990234375,0.24919399619102478,-999.0,1,4120,-999.0,-999.0,-999.0,-999.0,0,-999.0,-999.0,-999.0,-999.0,-999.0,0,-999.0,-999.0,-999.0,0,0,-999.0,-999.0,-999.0,-999.0,0,-999.0,-999.0,-999.0,-999.0,-999.0,0,-999.0,-999.0,-999.0,0,0
132.82205,62.976712,25,183571328227633496,132.82283403,62.97728054,2.4153083414774668,PSO J132.8228+62.9773,-999,-999,-999,3819084000128969,326559248545736,0,15885072097706,18357,1,2471,78,0.44196551706825,3819084,76033,3,310456320,37,-999.0,-999.0,-999.0,-999.0,0.18594999611377716,0.18594999611377716,55515.61872685,-999.0,-0.30883275793747506,0.3332425436132402,0.8908264335721693,115.07308207588835,43.21681420835591,152.65815455473378,37.45648124507302,-999,0,1,0,0,0,1,0,-999.0,-999.0,-999.0,-999.0,0,-999.0,-999.0,-999.0,-999.0,-999.0,0,-999.0,-999.0,-999.0,0,0,-999.0,-999.0,-999.0,-999.0,0,-999.0,-999.0,-999.0,-999.0,-999.0,0,-999.0,-999.0,-999.0,0,0,-999.0,-999.0,-999.0,-999.0,0,-999.0,-999.0,-999.0,-999.0,-999.0,0,-999.0,-999.0,-999.0,0,0,0.08750499784946442,21.023000717163086,0.18534600734710693,-999.0,1,21.023000717163086,21.023000717163086,20.656999588012695,0.22990700602531433,-999.0,1,20.306800842285156,0.18534600734710693,-999.0,1,16777752,-999.0,-999.0,-999.0,-999.0,0,-999.0,-999.0,-999.0,-999.0,-999.0,0,-999.0,-999.0,-999.0,0,0
3.895387,17.590239,2,129100038947629170,3.89475485,17.59053852,2.42253196346208,PSO J003.8948+17.5905,-999,-999,-999,3483396000083704,123841087096569,0,17079560732721,12910,1,1679,35,0.631267119786951,3483396,28834,3,268959744,32,-999.0,-999.0,-999.0,-999.0,0.2022700011730194,0.2022700011730194,55834.354375,-999.0,0.9510390782767009,0.06474787282224624,0.3022124824615912,10.695203001357541,14.567435164318361,110.92344660962807,-44.44348815472141,-999,0,1,0,1,0,0,0,-999.0,-999.0,-999.0,-999.0,0,-999.0,-999.0,-999.0,-999.0,-999.0,0,-999.0,-999.0,-999.0,0,0,0.5369240045547485,21.44809913635254,0.2017119973897934,-999.0,1,21.44809913635254,21.44809913635254,-999.0,-999.0,-999.0,0,21.736299514770508,0.2017119973897934,-999.0,1,4120,-999.0,-999.0,-999.0,-999.0,0,-999.0,-999.0,-999.0,-999.0,-999.0,0,-999.0,-999.0,-999.0,0,0,-999.0,-999.0,-999.0,-999.0,0,-999.0,-999.0,-999.0,-999.0,-999.0,0,-999.0,-999.0,-999.0,0,0,-999.0,-999.0,-999.0,-999.0,0,-999.0,-999.0,-999.0,-999.0,-999.0,0,-999.0,-999.0,-999.0,0,0
144.86945,22.661587,29,135191448687094526,144.86870866,22.66160731,2.4638666567958936,PSO J144.8687+22.6616,-999,-999,-999,3609500000079994,177313429928058,0,16319351221262,13519,1,1798,66,0.114723917203698,3609500,41284,3,310456320,37,-999.0,-999.0,-999.0,-999.0,0.1364399939775467,0.1364399939775467,55203.66685185,-999.0,-0.7546957711856818,0.5310250630921841,0.38528778247225925,139.68074806001587,8.178932716714797,207.82365738346607,46.49592597190426,-999,0,1,0,1,0,0,0,-999.0,-999.0,-999.0,-999.0,0,-999.0,-999.0,-999.0,-999.0,-999.0,0,-999.0,-999.0,-999.0,0,0,0.9971910119056702,22.069700241088867,0.13561399281024933,-999.0,1,22.069700241088867,22.069700241088867,21.119300842285156,0.14094500243663788,-999.0,1,21.332599639892578,0.13561399281024933,-999.0,1,16777496,-999.0,-999.0,-999.0,-999.0,0,-999.0,-999.0,-999.0,-999.0,-999.0,0,-999.0,-999.0,-999.0,0,0,-999.0,-999.0,-999.0,-999.0,0,-999.0,-999.0,-999.0,-999.0,-999.0,0,-999.0,-999.0,-999.0,0,0,-999.0,-999.0,-999.0,-999.0,0,-999.0,-999.0,-999.0,-999.0,-999.0,0,-999.0,-999.0,-999.0,0,0
144.088334,37.828853,28,153391440877824592,144.08779159,37.82830012,2.5179981321478557,PSO J144.0878+37.8283,-999,-999,-999,3580444000140065,248425203508005,0,16484749506506,15339,1,2114,46,0.418459884280767,3580444,57841,3,268959744,32,-999.0,-999.0,-999.0,-999.0,0.2572900056838989,0.2572900056838989,56408.23697917,-999.0,-0.6397144571689853,0.4632838047376163,0.6132972603532716,133.71764982737224,22.23495186833091,185.49094619220557,47.983029468555955,-999,0,1,0,0,0,0,1,-999.0,-999.0,-999.0,-999.0,0,-999.0,-999.0,-999.0,-999.0,-999.0,0,-999.0,-999.0,-999.0,0,0,-999.0,-999.0,-999.0,-999.0,0,-999.0,-999.0,-999.0,-999.0,-999.0,0,-999.0,-999.0,-999.0,0,0,-999.0,-999.0,-999.0,-999.0,0,-999.0,-999.0,-999.0,-999.0,-999.0,0,-999.0,-999.0,-999.0,0,0,-999.0,-999.0,-999.0,-999.0,0,-999.0,-999.0,-999.0,-999.0,-999.0,0,-999.0,-999.0,-999.0,0,0,0.4643020033836365,19.320199966430664,0.2568550109863281,-999.0,1,19.320199966430664,19.320199966430664,-999.0,-999.0,-999.0,0,21.355600357055664,0.2568550109863281,-999.0,1,4120
197.068714,18.780217,70,130531970680837030,197.06802987,18.78048768,2.5271683643596514,PSO J197.0680+18.7805,-999,-999,-999,3483625000049132,142438295453675,0,15112903995835,13053,1,1725,64,0.94614914892814,3483625,33164,3,268959744,32,-999.0,-999.0,-999.0,-999.0,0.239329993724823,0.239329993724823,56674.57640046,-999.0,-0.9050607887680451,-0.27788034461664557,0.3219432911403784,187.9807882571918,23.9482683047993,328.68652069315004,80.79884992327315,-999,0,2,0,2,0,0,0,-999.0,-999.0,-999.0,-999.0,0,-999.0,-999.0,-999.0,-999.0,-999.0,0,-999.0,-999.0,-999.0,0,0,0.6913989782333374,21.3439998626709,0.08932899683713913,0.1266610026359558,2,21.261199951171875,21.439800262451172,-999.0,-999.0,-999.0,0,20.910900115966797,0.2868100106716156,0.40693598985671997,2,4120,-999.0,-999.0,-999.0,-999.0,0,-999.0,-999.0,-999.0,-999.0,-999.0,0,-999.0,-999.0,-999.0,0,0,-999.0,-999.0,-999.0,-999.0,0,-999.0,-999.0,-999.0,-999.0,-999.0,0,-999.0,-999.0,-999.0,0,0,-999.0,-999.0,-999.0,-999.0,0,-999.0,-999.0,-999.0,-999.0,-999.0,0,-999.0,-999.0,-999.0,0,0
242.438298,38.580195,91,154292424389897362,242.43900206,38.58063088,2.527491522630403,PSO J242.4390+38.5806,-999,-999,-999,3508372000110981,253055178224006,0,15301240733659,15429,1,2133,60,0.538895191195323,3508372,58919,3,268959744,32,-999.0,-999.0,-999.0,-999.0,0.2200700044631958,0.2200700044631958,56028.58819444,-999.0,-0.36170136278120424,-0.6930194814449792,0.6236153642269824,226.99231964275862,57.97569518798374,61.48790052609795,47.346549588400926,-999,0,1,0,0,1,0,0,-999.0,-999.0,-999.0,-999.0,0,-999.0,-999.0,-999.0,-999.0,-999.0,0,-999.0,-999.0,-999.0,0,0,-999.0,-999.0,-999.0,-999.0,0,-999.0,-999.0,-999.0,-999.0,-999.0,0,-999.0,-999.0,-999.0,0,0,0.754393994808197,21.56279945373535,0.21956199407577515,-999.0,1,21.56279945373535,21.56279945373535,-999.0,-999.0,-999.0,0,-999.0,-999.0,-999.0,0,4120,-999.0,-999.0,-999.0,-999.0,0,-999.0,-999.0,-999.0,-999.0,-999.0,0,-999.0,-999.0,-999.0,0,0,-999.0,-999.0,-999.0,-999.0,0,-999.0,-999.0,-999.0,-999.0,-999.0,0,-999.0,-999.0,-999.0,0,0
245.468959,71.848331,86,194212454710269074,245.47107723964083,71.84862318254271,2.5980809718195474,PSO J245.4711+71.8486,-999,-999,-999,3814055000071082,346393407460783,0,14799330144843,19421,1,2561,99,0.222319954281971,3814055,80651,3,444915712,53,245.47104358,71.84860365,0.0010000000474974513,0.0010000000474974513,0.0029163708877115416,0.0029163708877115416,56201.26215236141,9.767893485257755,-0.1293318994827519,-0.2834137350106676,0.95023676764451,137.63402121108763,79.91881001693775,104.87986026914126,36.98794846245597,-999,10,76,6,17,24,14,15,0.9993579983711243,21.03820037841797,0.05128699913620949,0.1711830049753189,6,20.75510025024414,21.22010040283203,20.800600051879883,0.07162199914455414,0.20192700624465942,6,20.665800094604492,0.06536699831485748,0.44690999388694763,6,16892216,0.9993829727172852,19.911300659179688,0.02006099931895733,0.06311400234699249,14,19.773300170898438,20.039199829101562,19.55660057067871,0.0282639991492033,0.11496999859809875,15,19.524599075317383,0.02107200026512146,0.07076500356197357,15,16892216,0.9997450113296509,19.39859962463379,0.027667999267578125,0.12567099928855896,22,19.175899505615234,19.70199966430664,19.064300537109375,0.024555999785661697,0.12355399876832962,24,19.031700134277344,0.021880999207496643,0.09012699872255325,24,16892216,0.9996129870414734,19.174999237060547,0.01765500009059906,0.08994399756193161,13,19.006999969482422,19.280399322509766,18.87339973449707,0.03012399934232235,0.10437899827957153,13,18.810400009155273,0.019989000633358955,0.08884000033140182,13,16892216,0.9994930028915405,18.85110092163086,0.04575899988412857,0.11673200130462646,15,18.685300827026367,19.107500076293945,18.596599578857422,0.06984099745750427,0.2858099937438965,15,18.511199951171875,0.06160400062799454,0.24436500668525696,15,16892216
232.422612,22.971723,87,135562324229625841,232.42297814,22.97107472,2.630481232231186,PSO J232.4230+22.9711,-999,-999,-999,3517134000015108,182183922776836,0,15211277313153,13556,1,1818,72,0.215231558508455,3517134,42418,3,268959744,32,-999.0,-999.0,-999.0,-999.0,0.1717499941587448,0.1717499941587448,56349.57826389,-999.0,-0.5614692767220686,-0.7296878866430039,0.39026636978308016,222.48583522475295,40.41472283069067,35.24438864293899,54.06242881107999,-999,0,1,0,0,0,1,0,-999.0,-999.0,-999.0,-999.0,0,-999.0,-999.0,-999.0,-999.0,-999.0,0,-999.0,-999.0,-999.0,0,0,-999.0,-999.0,-999.0,-999.0,0,-999.0,-999.0,-999.0,-999.0,-999.0,0,-999.0,-999.0,-999.0,0,0,-999.0,-999.0,-999.0,-999.0,0,-999.0,-999.0,-999.0,-999.0,-999.0,0,-999.0,-999.0,-999.0,0,0,0.49915799498558044,19.898099899291992,0.1710900068283081,-999.0,1,19.898099899291992,19.898099899291992,20.2455997467041,0.18754099309444427,-999.0,1,20.210599899291992,0.1710900068283081,-999.0,1,4120,-999.0,-999.0,-999.0,-999.0,0,-999.0,-999.0,-999.0,-999.0,-999.0,0,-999.0,-999.0,-999.0,0,0
260.145242,44.00315,95,160802601443274016,260.1443536,44.00279355,2.6341947206568803,PSO J260.1444+44.0028,-999,-999,-999,3543424000017925,254627136161284,0,15271983738184,16080,1,2271,2,0.296651530355822,3543424,59285,3,310456320,37,-999.0,-999.0,-999.0,-999.0,0.17997999489307404,0.17997999489307404,56452.48193287,-999.0,-0.12312104945380706,-0.7086905026213273,0.6946934422288178,251.77285151691962,66.81954433027056,69.46764512120035,34.330919715601674,-999,0,1,1,0,0,0,0,0.9991980195045471,21.18090057373047,0.17935200035572052,-999.0,1,21.18090057373047,21.18090057373047,20.621599197387695,0.20392300188541412,-999.0,1,20.38559913635254,0.17935200035572052,-999.0,1,16777488,-999.0,-999.0,-999.0,-999.0,0,-999.0,-999.0,-999.0,-999.0,-999.0,0,-999.0,-999.0,-999.0,0,0,-999.0,-999.0,-999.0,-999.0,0,-999.0,-999.0,-999.0,-999.0,-999.0,0,-999.0,-999.0,-999.0,0,0,-999.0,-999.0,-999.0,-999.0,0,-999.0,-999.0,-999.0,-999.0,-999.0,0,-999.0,-999.0,-999.0,0,0,-999.0,-999.0,-999.0,-999.0,0,-999.0,-999.0,-999.0,-999.0,-999.0,0,-999.0,-999.0,-999.0,0,0
10.661473,12.513245,6,123010106606036319,10.66071088,12.51321091,2.681269860127568,PSO J010.6607+12.5132,-999,-999,-999,3487821000061927,84185654030825,0,17085484820867,12301,1,1593,18,0.0546724424275313,3487821,19601,3,277348352,33,-999.0,-999.0,-999.0,-999.0,0.060100000351667404,0.060100000351667404,55455.56052083,-999.0,0.9593959530496458,0.1805984658836935,0.21666471653783,14.710465517676989,7.293266975024257,119.57029567352079,-50.301122657426006,-999,0,2,0,0,2,0,0,-999.0,-999.0,-999.0,-999.0,0,-999.0,-999.0,-999.0,-999.0,-999.0,0,-999.0,-999.0,-999.0,0,0,-999.0,-999.0,-999.0,-999.0,0,-999.0,-999.0,-999.0,-999.0,-999.0,0,-999.0,-999.0,-999.0,0,0,0.7965980172157288,20.378999710083008,5.400000009103678e-05,-999.0,1,20.340499877929688,20.340499877929688,19.854999542236328,0.01558000035583973,0.02204900048673153,2,19.779300689697266,5.400000009103678e-05,-999.0,2,16781336,-999.0,-999.0,-999.0,-999.0,0,-999.0,-999.0,-999.0,-999.0,-999.0,0,-999.0,-999.0,-999.0,0,0,-999.0,-999.0,-999.0,-999.0,0,-999.0,-999.0,-999.0,-999.0,-999.0,0,-999.0,-999.0,-999.0,0,0
52.110964,-2.042556,0,105540521102409568,52.11024254,-2.04236789,2.6824922337620625,PSO J052.1102-02.0424,-999,-999,-999,3515579000039142,365261198760166,0,9424661772620,10554,1,1245,44,0.363901364955959,3515579,85044,3,268959744,32,-999.0,-999.0,-999.0,-999.0,0.07368999719619751,0.07368999719619751,55076.6384375,-999.0,0.6137539919630122,0.7886925478066056,-0.03563849581270417,49.13591503079948,-20.268597199378604,186.0050104291361,-44.82998845305571,-999,0,1,0,0,0,1,0,-999.0,-999.0,-999.0,-999.0,0,-999.0,-999.0,-999.0,-999.0,-999.0,0,-999.0,-999.0,-999.0,0,0,-999.0,-999.0,-999.0,-999.0,0,-999.0,-999.0,-999.0,-999.0,-999.0,0,-999.0,-999.0,-999.0,0,0,-999.0,-999.0,-999.0,-999.0,0,-999.0,-999.0,-999.0,-999.0,-999.0,0,-999.0,-999.0,-999.0,0,0,0.3720020055770874,18.596399307250977,0.07214699685573578,-999.0,1,18.596399307250977,18.596399307250977,-999.0,-999.0,-999.0,0,19.358999252319336,0.07214699685573578,-999.0,1,4112,-999.0,-999.0,-999.0,-999.0,0,-999.0,-999.0,-999.0,-999.0,-999.0,0,-999.0,-999.0,-999.0,0,0
144.86945,22.661587,29,135191448700493884,144.87005564,22.66109088,2.690348847217204,PSO J144.8701+22.6611,-999,-999,-999,3609500000080242,177313429928306,0,16319351219658,13519,1,1798,66,0.837568283861101,3609500,41284,3,310456320,37,-999.0,-999.0,-999.0,-999.0,0.18384000658988953,0.18384000658988953,55590.38064815,-999.0,-0.7547110951289977,0.5310093189395538,0.38527946491934945,139.68210553785443,8.178853499328651,207.82487977662257,46.49697650145058,-999,0,1,1,0,0,0,0,0.08612799644470215,22.53339958190918,0.18323199450969696,-999.0,1,22.53339958190918,22.53339958190918,21.360200881958008,0.17351700365543365,-999.0,1,21.66200065612793,0.18323199450969696,-999.0,1,16777752,-999.0,-999.0,-999.0,-999.0,0,-999.0,-999.0,-999.0,-999.0,-999.0,0,-999.0,-999.0,-999.0,0,0,-999.0,-999.0,-999.0,-999.0,0,-999.0,-999.0,-999.0,-999.0,-999.0,0,-999.0,-999.0,-999.0,0,0,-999.0,-999.0,-999.0,-999.0,0,-999.0,-999.0,-999.0,-999.0,-999.0,0,-999.0,-999.0,-999.0,0,0,-999.0,-999.0,-999.0,-999.0,0,-999.0,-999.0,-999.0,-999.0,-999.0,0,-999.0,-999.0,-999.0,0,0
144.86945,22.661587,29,135191448702614273,144.87025558,22.66145031,2.7210575180362446,PSO J144.8703+22.6615,-999,-999,-999,3609500000080283,177313429928347,0,16319351219605,13519,1,1798,66,0.201756426321116,3609500,41284,3,268959744,32,-999.0,-999.0,-999.0,-999.0,0.26756998896598816,0.26756998896598816,57009.6515162,-999.0,-0.7547109714209759,0.5310052944925513,0.3852852538544472,139.68216223697635,8.179253601899754,207.824452688532,46.49725361812358,-999,0,1,0,0,0,1,0,-999.0,-999.0,-999.0,-999.0,0,-999.0,-999.0,-999.0,-999.0,-999.0,0,-999.0,-999.0,-999.0,0,0,-999.0,-999.0,-999.0,-999.0,0,-999.0,-999.0,-999.0,-999.0,-999.0,0,-999.0,-999.0,-999.0,0,0,-999.0,-999.0,-999.0,-999.0,0,-999.0,-999.0,-999.0,-999.0,-999.0,0,-999.0,-999.0,-999.0,0,0,0.6352949738502502,21.1466007232666,0.26715201139450073,-999.0,1,21.1466007232666,21.1466007232666,-999.0,-999.0,-999.0,0,20.826499938964844,0.26715201139450073,-999.0,1,4120,-999.0,-999.0,-999.0,-999.0,0,-999.0,-999.0,-999.0,-999.0,-999.0,0,-999.0,-999.0,-999.0,0,0
153.86302,25.662203,36,138791538638805140,153.86387279,25.66212862,2.7801496133410963,PSO J153.8639+25.6621,-999,-999,-999,3618081000050824,178073639110280,0,16389682280920,13879,1,1883,44,0.906637840817345,3618081,41461,3,310456320,37,-999.0,-999.0,-999.0,-999.0,0.1755100041627884,0.1755100041627884,55941.6144213,-999.0,-0.8091990490139603,0.397055404603411,0.4330633957633962,146.45291832561807,13.85044179491571,206.29578971796403,55.17872173811904,-999,0,1,0,0,1,0,0,-999.0,-999.0,-999.0,-999.0,0,-999.0,-999.0,-999.0,-999.0,-999.0,0,-999.0,-999.0,-999.0,0,0,-999.0,-999.0,-999.0,-999.0,0,-999.0,-999.0,-999.0,-999.0,-999.0,0,-999.0,-999.0,-999.0,0,0,0.09055499732494354,21.194499969482422,0.17486700415611267,-999.0,1,21.194499969482422,21.194499969482422,20.4148006439209,0.19525299966335297,-999.0,1,20.44849967956543,0.17486700415611267,-999.0,1,16777752,-999.0,-999.0,-999.0,-999.0,0,-999.0,-999.0,-999.0,-999.0,-999.0,0,-999.0,-999.0,-999.0,0,0,-999.0,-999.0,-999.0,-999.0,0,-999.0,-999.0,-999.0,-999.0,-999.0,0,-999.0,-999.0,-999.0,0,0
9.355856,27.209589,4,140650093556072994,9.35564926,27.21034437,2.798728280537932,PSO J009.3556+27.2103,-999,-999,-999,3487268000043410,162169375205778,0,17234045362558,14065,1,1850,83,0.861839248670115,3487268,37758,3,310456320,37,-999.0,-999.0,-999.0,-999.0,0.18698999285697937,0.18698999285697937,56958.31755787,-999.0,0.8775041731272573,0.14457210084935718,0.45725849778899885,19.719519393490987,21.224241011117773,119.10116517614794,-35.557135779756806,-999,0,1,0,1,0,0,0,-999.0,-999.0,-999.0,-999.0,0,-999.0,-999.0,-999.0,-999.0,-999.0,0,-999.0,-999.0,-999.0,0,0,0.29925400018692017,21.622800827026367,0.18638800084590912,-999.0,1,21.622800827026367,21.622800827026367,21.04010009765625,0.23608200252056122,-999.0,1,20.962099075317383,0.18638800084590912,-999.0,1,16777752,-999.0,-999.0,-999.0,-999.0,0,-999.0,-999.0,-999.0,-999.0,-999.0,0,-999.0,-999.0,-999.0,0,0,-999.0,-999.0,-999.0,-999.0,0,-999.0,-999.0,-999.0,-999.0,-999.0,0,-999.0,-999.0,-999.0,0,0,-999.0,-999.0,-999.0,-999.0,0,-999.0,-999.0,-999.0,-999.0,-999.0,0,-999.0,-999.0,-999.0,0,0
3.895387,17.590239,2,129100038955417896,3.89556754,17.58947317,2.825744441793254,PSO J003.8956+17.5895,-999,-999,-999,3483396000083824,123841087096689,0,17079561240680,12910,1,1679,35,0.363822357136591,3483396,28834,3,302067712,36,-999.0,-999.0,-999.0,-999.0,0.032760001718997955,0.032760001718997955,56941.50289352,-999.0,0.9510437659402501,0.06476174421791604,0.3021947579823977,10.695481696192635,14.566145839021559,110.92422118844706,-44.444683692379265,-999,0,1,0,1,0,0,0,-999.0,-999.0,-999.0,-999.0,0,-999.0,-999.0,-999.0,-999.0,-999.0,0,-999.0,-999.0,-999.0,0,0,0.9996349811553955,18.300500869750977,0.02912599965929985,-999.0,1,18.300500869750977,18.300500869750977,18.985200881958008,0.08323600143194199,-999.0,1,18.712499618530273,0.02912599965929985,-999.0,1,272,-999.0,-999.0,-999.0,-999.0,0,-999.0,-999.0,-999.0,-999.0,-999.0,0,-999.0,-999.0,-999.0,0,0,-999.0,-999.0,-999.0,-999.0,0,-999.0,-999.0,-999.0,-999.0,-999.0,0,-999.0,-999.0,-999.0,0,0,-999.0,-999.0,-999.0,-999.0,0,-999.0,-999.0,-999.0,-999.0,-999.0,0,-999.0,-999.0,-999.0,0,0
107.096289,77.623406,20,201141070924808969,107.09263542,77.62348142,2.832177791567879,PSO J107.0926+77.6235,-999,-999,-999,3817583000083056,354141528474738,0,15696404323054,20114,1,2604,42,0.187977219175526,3817583,82455,3,268959744,32,-999.0,-999.0,-999.0,-999.0,0.2854500114917755,0.2854500114917755,57002.57658565,-999.0,-0.06299681285260743,0.20486803446609964,0.9767602008806514,96.23627715413816,54.554561448212894,136.85724355869414,27.35275192181555,-999,0,1,0,0,1,0,0,-999.0,-999.0,-999.0,-999.0,0,-999.0,-999.0,-999.0,-999.0,-999.0,0,-999.0,-999.0,-999.0,0,0,-999.0,-999.0,-999.0,-999.0,0,-999.0,-999.0,-999.0,-999.0,-999.0,0,-999.0,-999.0,-999.0,0,0,0.7167919874191284,21.547100067138672,0.285055011510849,-999.0,1,21.547100067138672,21.547100067138672,-999.0,-999.0,-999.0,1,22.38249969482422,0.285055011510849,-999.0,1,4120,-999.0,-999.0,-999.0,-999.0,0,-999.0,-999.0,-999.0,-999.0,-999.0,0,-999.0,-999.0,-999.0,0,0,-999.0,-999.0,-999.0,-999.0,0,-999.0,-999.0,-999.0,-999.0,-999.0,0,-999.0,-999.0,-999.0,0,0
162.898862,15.227423,44,126271628992634253,162.89924007,15.22812076,2.8345169126462015,PSO J162.8992+15.2281,-999,-999,-999,3581888000031281,140947941784112,0,15667631399691,12627,1,1630,86,0.38259656017888,3581888,32817,3,268959744,32,-999.0,-999.0,-999.0,-999.0,0.27737998962402344,0.27737998962402344,56846.26489583,-999.0,-0.9222291566633026,0.2837281237062112,0.26266277699408863,158.41824361692184,7.361419569508668,229.94205008436342,59.74108817418547,-999,0,1,0,0,1,0,0,-999.0,-999.0,-999.0,-999.0,0,-999.0,-999.0,-999.0,-999.0,-999.0,0,-999.0,-999.0,-999.0,0,0,-999.0,-999.0,-999.0,-999.0,0,-999.0,-999.0,-999.0,-999.0,-999.0,0,-999.0,-999.0,-999.0,0,0,0.5837600231170654,20.88129997253418,0.2769719958305359,-999.0,1,20.88129997253418,20.88129997253418,-999.0,-999.0,-999.0,0,21.583599090576172,0.2769719958305359,-999.0,1,4120,-999.0,-999.0,-999.0,-999.0,0,-999.0,-999.0,-999.0,-999.0,-999.0,0,-999.0,-999.0,-999.0,0,0,-999.0,-999.0,-999.0,-999.0,0,-999.0,-999.0,-999.0,-999.0,-999.0,0,-999.0,-999.0,-999.0,0,0
226.116437,62.390059,84,182862261152468066,226.11524036,62.38943955,2.9931710002682057,PSO J226.1152+62.3894,-999,-999,-999,3812605000100358,329986632422513,0,14788481705820,18286,1,2482,52,0.227131125728722,3812605,76831,3,1075314688,128,226.11524036,62.38943955,0.0010000000474974513,0.0010000000474974513,0.0010000000474974513,0.0010000000474974513,56250.45790509,-999.0,-0.3212747335782427,-0.3340316316064996,0.8861181719446504,171.85012392918648,71.0615338366659,100.37699073743069,48.50197080902065,-999,1,0,0,0,0,0,0,-999.0,-999.0,-999.0,-999.0,0,-999.0,-999.0,-999.0,-999.0,-999.0,0,-999.0,-999.0,-999.0,0,32,-999.0,-999.0,-999.0,-999.0,0,-999.0,-999.0,-999.0,-999.0,-999.0,0,-999.0,-999.0,-999.0,0,32800,-999.0,-999.0,-999.0,-999.0,0,-999.0,-999.0,-999.0,-999.0,-999.0,0,-999.0,-999.0,-999.0,0,32,-999.0,-999.0,-999.0,-999.0,0,-999.0,-999.0,-999.0,-999.0,-999.0,0,-999.0,-999.0,-999.0,0,32,-999.0,-999.0,-999.0,-999.0,0,-999.0,-999.0,-999.0,-999.0,-999.0,0,-999.0,-999.0,-999.0,0,32
